_id,category,name,id,nutrient,value,unit
5d3b04256237a3c6056d2e70,vegetables,"Asparagus, raw",11011,Water,93.22,g
5d3b04256237a3c6056d2e71,vegetables,"Asparagus, raw",11011,Energy,20,kcal
5d3b04256237a3c6056d2e72,vegetables,"Asparagus, raw",11011,Protein,2.20,g
5d3b04256237a3c6056d2e73,vegetables,"Asparagus, raw",11011,Total lipid (fat),0.12,g
5d3b04256237a3c6056d2e74,vegetables,"Asparagus, raw",11011,"Carbohydrate, by difference",3.88,g
5d3b04256237a3c6056d2e75,vegetables,"Asparagus, raw",11011,"Fiber, total dietary",2.1,g
5d3b04256237a3c6056d2e76,vegetables,"Asparagus, raw",11011,"Sugars, total",1.88,g
5d3b04256237a3c6056d2e77,vegetables,"Beets, raw",11080,Water,87.58,g
5d3b04256237a3c6056d2e78,vegetables,"Beets, raw",11080,Energy,43,kcal
5d3b04256237a3c6056d2e79,vegetables,"Beets, raw",11080,Protein,1.61,g
5d3b04256237a3c6056d2e7a,vegetables,"Beets, raw",11080,Total lipid (fat),0.17,g
5d3b04256237a3c6056d2e7b,vegetables,"Beets, raw",11080,"Carbohydrate, by difference",9.56,g
5d3b04256237a3c6056d2e7c,vegetables,"Beets, raw",11080,"Fiber, total dietary",2.8,g
5d3b04256237a3c6056d2e7d,vegetables,"Beets, raw",11080,"Sugars, total",6.76,g
5d3b04256237a3c6056d2e7e,vegetables,"Broccoli, raw",11090,Water,89.30,g
5d3b04256237a3c6056d2e7f,vegetables,"Broccoli, raw",11090,Energy,34,kcal
5d3b04256237a3c6056d2e80,vegetables,"Broccoli, raw",11090,Protein,2.82,g
5d3b04256237a3c6056d2e81,vegetables,"Broccoli, raw",11090,Total lipid (fat),0.37,g
5d3b04256237a3c6056d2e82,vegetables,"Broccoli, raw",11090,"Carbohydrate, by difference",6.64,g
5d3b04256237a3c6056d2e83,vegetables,"Broccoli, raw",11090,"Fiber, total dietary",2.6,g
5d3b04256237a3c6056d2e84,vegetables,"Broccoli, raw",11090,"Sugars, total",1.70,g
5d3b04256237a3c6056d2e85,vegetables,"Cabbage, raw",11109,Water,92.18,g
5d3b04256237a3c6056d2e86,vegetables,"Cabbage, raw",11109,Energy,25,kcal
5d3b04256237a3c6056d2e87,vegetables,"Cabbage, raw",11109,Protein,1.28,g
5d3b04256237a3c6056d2e88,vegetables,"Cabbage, raw",11109,Total lipid (fat),0.10,g
5d3b04256237a3c6056d2e89,vegetables,"Cabbage, raw",11109,"Carbohydrate, by difference",5.80,g
5d3b04256237a3c6056d2e8a,vegetables,"Cabbage, raw",11109,"Fiber, total dietary",2.5,g
5d3b04256237a3c6056d2e8b,vegetables,"Cabbage, raw",11109,"Sugars, total",3.20,g
5d3b04256237a3c6056d2e8c,vegetables,"Carrots, raw",11124,Water,88.29,g
5d3b04256237a3c6056d2e8d,vegetables,"Carrots, raw",11124,Energy,41,kcal
5d3b04256237a3c6056d2e8e,vegetables,"Carrots, raw",11124,Protein,0.93,g
5d3b04256237a3c6056d2e8f,vegetables,"Carrots, raw",11124,Total lipid (fat),0.24,g
5d3b04256237a3c6056d2e90,vegetables,"Carrots, raw",11124,"Carbohydrate, by difference",9.58,g
5d3b04256237a3c6056d2e91,vegetables,"Carrots, raw",11124,"Fiber, total dietary",2.8,g
5d3b04256237a3c6056d2e92,vegetables,"Carrots, raw",11124,"Sugars, total",4.74,g
5d3b04256237a3c6056d2e93,vegetables,"Cauliflower, raw",11135,Water,92.07,g
5d3b04256237a3c6056d2e94,vegetables,"Cauliflower, raw",11135,Energy,25,kcal
5d3b04256237a3c6056d2e95,vegetables,"Cauliflower, raw",11135,Protein,1.92,g
5d3b04256237a3c6056d2e96,vegetables,"Cauliflower, raw",11135,Total lipid (fat),0.28,g
5d3b04256237a3c6056d2e97,vegetables,"Cauliflower, raw",11135,"Carbohydrate, by difference",4.97,g
5d3b04256237a3c6056d2e98,vegetables,"Cauliflower, raw",11135,"Fiber, total dietary",2.0,g
5d3b04256237a3c6056d2e99,vegetables,"Cauliflower, raw",11135,"Sugars, total",1.91,g
5d3b04256237a3c6056d2e9a,vegetables,"Celery, raw",11143,Water,95.43,g
5d3b04256237a3c6056d2e9b,vegetables,"Celery, raw",11143,Energy,14,kcal
5d3b04256237a3c6056d2e9c,vegetables,"Celery, raw",11143,Protein,0.69,g
5d3b04256237a3c6056d2e9d,vegetables,"Celery, raw",11143,Total lipid (fat),0.17,g
5d3b04256237a3c6056d2e9e,vegetables,"Celery, raw",11143,"Carbohydrate, by difference",2.97,g
5d3b04256237a3c6056d2e9f,vegetables,"Celery, raw",11143,"Fiber, total dietary",1.6,g
5d3b04256237a3c6056d2ea0,vegetables,"Celery, raw",11143,"Sugars, total",1.34,g
5d3b04256237a3c6056d2ea1,vegetables,"Cucumber, with peel, raw",11205,Water,95.23,g
5d3b04256237a3c6056d2ea2,vegetables,"Cucumber, with peel, raw",11205,Energy,15,kcal
5d3b04256237a3c6056d2ea3,vegetables,"Cucumber, with peel, raw",11205,Protein,0.65,g
5d3b04256237a3c6056d2ea4,vegetables,"Cucumber, with peel, raw",11205,Total lipid (fat),0.11,g
5d3b04256237a3c6056d2ea5,vegetables,"Cucumber, with peel, raw",11205,"Carbohydrate, by difference",3.63,g
5d3b04256237a3c6056d2ea6,vegetables,"Cucumber, with peel, raw",11205,"Fiber, total dietary",0.5,g
5d3b04256237a3c6056d2ea7,vegetables,"Cucumber, with peel, raw",11205,"Sugars, total",1.67,g
5d3b04256237a3c6056d2ea8,vegetables,"Eggplant, cooked, boiled, drained, without salt",11210,Water,89.67,g
5d3b04256237a3c6056d2ea9,vegetables,"Eggplant, cooked, boiled, drained, without salt",11210,Energy,35,kcal
5d3b04256237a3c6056d2eaa,vegetables,"Eggplant, cooked, boiled, drained, without salt",11210,Protein,0.83,g
5d3b04256237a3c6056d2eab,vegetables,"Eggplant, cooked, boiled, drained, without salt",11210,Total lipid (fat),0.23,g
5d3b04256237a3c6056d2eac,vegetables,"Eggplant, cooked, boiled, drained, without salt",11210,"Carbohydrate, by difference",8.73,g
5d3b04256237a3c6056d2ead,vegetables,"Eggplant, cooked, boiled, drained, without salt",11210,"Fiber, total dietary",2.5,g
5d3b04256237a3c6056d2eae,vegetables,"Eggplant, cooked, boiled, drained, without salt",11210,"Sugars, total",3.20,g
5d3b04256237a3c6056d2eaf,vegetables,"Mushrooms, shiitake, raw",11238,Water,89.74,g
5d3b04256237a3c6056d2eb0,vegetables,"Mushrooms, shiitake, raw",11238,Energy,34,kcal
5d3b04256237a3c6056d2eb1,vegetables,"Mushrooms, shiitake, raw",11238,Protein,2.24,g
5d3b04256237a3c6056d2eb2,vegetables,"Mushrooms, shiitake, raw",11238,Total lipid (fat),0.49,g
5d3b04256237a3c6056d2eb3,vegetables,"Mushrooms, shiitake, raw",11238,"Carbohydrate, by difference",6.79,g
5d3b04256237a3c6056d2eb4,vegetables,"Mushrooms, shiitake, raw",11238,"Fiber, total dietary",2.5,g
5d3b04256237a3c6056d2eb5,vegetables,"Mushrooms, shiitake, raw",11238,"Sugars, total",2.38,g
5d3b04256237a3c6056d2eb6,vegetables,"Lentils, sprouted, raw",11248,Water,67.34,g
5d3b04256237a3c6056d2eb7,vegetables,"Lentils, sprouted, raw",11248,Energy,106,kcal
5d3b04256237a3c6056d2eb8,vegetables,"Lentils, sprouted, raw",11248,Protein,8.96,g
5d3b04256237a3c6056d2eb9,vegetables,"Lentils, sprouted, raw",11248,Total lipid (fat),0.55,g
5d3b04256237a3c6056d2eba,vegetables,"Lentils, sprouted, raw",11248,"Carbohydrate, by difference",22.14,g
5d3b04256237a3c6056d2ebb,vegetables,"Lentils, sprouted, raw",11248,"Calcium, Ca",25,mg
5d3b04256237a3c6056d2ebc,vegetables,"Lentils, sprouted, raw",11248,"Iron, Fe",3.21,mg
5d3b04256237a3c6056d2ebd,vegetables,"Lettuce, green leaf, raw",11253,Water,94.98,g
5d3b04256237a3c6056d2ebe,vegetables,"Lettuce, green leaf, raw",11253,Energy,15,kcal
5d3b04256237a3c6056d2ebf,vegetables,"Lettuce, green leaf, raw",11253,Protein,1.36,g
5d3b04256237a3c6056d2ec0,vegetables,"Lettuce, green leaf, raw",11253,Total lipid (fat),0.15,g
5d3b04256237a3c6056d2ec1,vegetables,"Lettuce, green leaf, raw",11253,"Carbohydrate, by difference",2.87,g
5d3b04256237a3c6056d2ec2,vegetables,"Lettuce, green leaf, raw",11253,"Fiber, total dietary",1.3,g
5d3b04256237a3c6056d2ec3,vegetables,"Lettuce, green leaf, raw",11253,"Sugars, total",0.78,g
5d3b04256237a3c6056d2ec4,vegetables,"Onions, sweet, raw",11294,Water,91.24,g
5d3b04256237a3c6056d2ec5,vegetables,"Onions, sweet, raw",11294,Energy,32,kcal
5d3b04256237a3c6056d2ec6,vegetables,"Onions, sweet, raw",11294,Protein,0.80,g
5d3b04256237a3c6056d2ec7,vegetables,"Onions, sweet, raw",11294,Total lipid (fat),0.08,g
5d3b04256237a3c6056d2ec8,vegetables,"Onions, sweet, raw",11294,"Carbohydrate, by difference",7.55,g
5d3b04256237a3c6056d2ec9,vegetables,"Onions, sweet, raw",11294,"Fiber, total dietary",0.9,g
5d3b04256237a3c6056d2eca,vegetables,"Onions, sweet, raw",11294,"Sugars, total",5.02,g
5d3b04256237a3c6056d2ecb,vegetables,"Peas, green, raw",11304,Water,78.86,g
5d3b04256237a3c6056d2ecc,vegetables,"Peas, green, raw",11304,Energy,81,kcal
5d3b04256237a3c6056d2ecd,vegetables,"Peas, green, raw",11304,Protein,5.42,g
5d3b04256237a3c6056d2ece,vegetables,"Peas, green, raw",11304,Total lipid (fat),0.40,g
5d3b04256237a3c6056d2ecf,vegetables,"Peas, green, raw",11304,"Carbohydrate, by difference",14.45,g
5d3b04256237a3c6056d2ed0,vegetables,"Peas, green, raw",11304,"Fiber, total dietary",5.7,g
5d3b04256237a3c6056d2ed1,vegetables,"Peas, green, raw",11304,"Sugars, total",5.67,g
5d3b04256237a3c6056d2ed2,vegetables,"Peppers, sweet, green, raw",11333,Water,93.89,g
5d3b04256237a3c6056d2ed3,vegetables,"Peppers, sweet, green, raw",11333,Energy,20,kcal
5d3b04256237a3c6056d2ed4,vegetables,"Peppers, sweet, green, raw",11333,Protein,0.86,g
5d3b04256237a3c6056d2ed5,vegetables,"Peppers, sweet, green, raw",11333,Total lipid (fat),0.17,g
5d3b04256237a3c6056d2ed6,vegetables,"Peppers, sweet, green, raw",11333,"Carbohydrate, by difference",4.64,g
5d3b04256237a3c6056d2ed7,vegetables,"Peppers, sweet, green, raw",11333,"Fiber, total dietary",1.7,g
5d3b04256237a3c6056d2ed8,vegetables,"Peppers, sweet, green, raw",11333,"Sugars, total",2.40,g
5d3b04256237a3c6056d2ed9,vegetables,"Potatoes, white, flesh and skin, baked",11357,Water,75.43,g
5d3b04256237a3c6056d2eda,vegetables,"Potatoes, white, flesh and skin, baked",11357,Energy,92,kcal
5d3b04256237a3c6056d2edb,vegetables,"Potatoes, white, flesh and skin, baked",11357,Protein,2.10,g
5d3b04256237a3c6056d2edc,vegetables,"Potatoes, white, flesh and skin, baked",11357,Total lipid (fat),0.15,g
5d3b04256237a3c6056d2edd,vegetables,"Potatoes, white, flesh and skin, baked",11357,"Carbohydrate, by difference",21.08,g
5d3b04256237a3c6056d2ede,vegetables,"Potatoes, white, flesh and skin, baked",11357,"Fiber, total dietary",2.1,g
5d3b04256237a3c6056d2edf,vegetables,"Potatoes, white, flesh and skin, baked",11357,"Sugars, total",1.53,g
5d3b04256237a3c6056d2ee0,vegetables,"Squash, winter, acorn, cooked, boiled, mashed, without salt",11484,Water,89.70,g
5d3b04256237a3c6056d2ee1,vegetables,"Squash, winter, acorn, cooked, boiled, mashed, without salt",11484,Energy,34,kcal
5d3b04256237a3c6056d2ee2,vegetables,"Squash, winter, acorn, cooked, boiled, mashed, without salt",11484,Protein,0.67,g
5d3b04256237a3c6056d2ee3,vegetables,"Squash, winter, acorn, cooked, boiled, mashed, without salt",11484,Total lipid (fat),0.08,g
5d3b04256237a3c6056d2ee4,vegetables,"Squash, winter, acorn, cooked, boiled, mashed, without salt",11484,"Carbohydrate, by difference",8.79,g
5d3b04256237a3c6056d2ee5,vegetables,"Squash, winter, acorn, cooked, boiled, mashed, without salt",11484,"Fiber, total dietary",2.6,g
5d3b04256237a3c6056d2ee6,vegetables,"Squash, winter, acorn, cooked, boiled, mashed, without salt",11484,"Calcium, Ca",26,mg
5d3b04256237a3c6056d2ee7,vegetables,"Tomatoes, orange, raw",11695,Water,94.78,g
5d3b04256237a3c6056d2ee8,vegetables,"Tomatoes, orange, raw",11695,Energy,16,kcal
5d3b04256237a3c6056d2ee9,vegetables,"Tomatoes, orange, raw",11695,Protein,1.16,g
5d3b04256237a3c6056d2eea,vegetables,"Tomatoes, orange, raw",11695,Total lipid (fat),0.19,g
5d3b04256237a3c6056d2eeb,vegetables,"Tomatoes, orange, raw",11695,"Carbohydrate, by difference",3.18,g
5d3b04256237a3c6056d2eec,vegetables,"Tomatoes, orange, raw",11695,"Fiber, total dietary",0.9,g
5d3b04256237a3c6056d2eed,vegetables,"Tomatoes, orange, raw",11695,"Calcium, Ca",5,mg
5d3b04256237a3c6056d2eee,vegetables,"Beans, snap, yellow, canned, regular pack, drained solids",11932,Water,93.30,g
5d3b04256237a3c6056d2eef,vegetables,"Beans, snap, yellow, canned, regular pack, drained solids",11932,Energy,20,kcal
5d3b04256237a3c6056d2ef0,vegetables,"Beans, snap, yellow, canned, regular pack, drained solids",11932,Protein,1.15,g
5d3b04256237a3c6056d2ef1,vegetables,"Beans, snap, yellow, canned, regular pack, drained solids",11932,Total lipid (fat),0.10,g
5d3b04256237a3c6056d2ef2,vegetables,"Beans, snap, yellow, canned, regular pack, drained solids",11932,"Carbohydrate, by difference",4.50,g
5d3b04256237a3c6056d2ef3,vegetables,"Beans, snap, yellow, canned, regular pack, drained solids",11932,"Fiber, total dietary",1.3,g
5d3b04256237a3c6056d2ef4,vegetables,"Beans, snap, yellow, canned, regular pack, drained solids",11932,"Sugars, total",0.78,g
5d3b04256237a3c6056d2ef5,vegetables,"Asparagus, cooked, boiled, drained, with salt",11705,Water,92.63,g
5d3b04256237a3c6056d2ef6,vegetables,"Asparagus, cooked, boiled, drained, with salt",11705,Energy,22,kcal
5d3b04256237a3c6056d2ef7,vegetables,"Asparagus, cooked, boiled, drained, with salt",11705,Protein,2.40,g
5d3b04256237a3c6056d2ef8,vegetables,"Asparagus, cooked, boiled, drained, with salt",11705,Total lipid (fat),0.22,g
5d3b04256237a3c6056d2ef9,vegetables,"Asparagus, cooked, boiled, drained, with salt",11705,"Carbohydrate, by difference",4.11,g
5d3b04256237a3c6056d2efa,vegetables,"Asparagus, cooked, boiled, drained, with salt",11705,"Fiber, total dietary",2.0,g
5d3b04256237a3c6056d2efb,vegetables,"Asparagus, cooked, boiled, drained, with salt",11705,"Sugars, total",1.30,g
5d3b04256237a3c6056d2efc,vegetables,"Garlic, raw",11215,Water,58.58,g
5d3b04256237a3c6056d2efd,vegetables,"Garlic, raw",11215,Energy,149,kcal
5d3b04256237a3c6056d2efe,vegetables,"Garlic, raw",11215,Protein,6.36,g
5d3b04256237a3c6056d2eff,vegetables,"Garlic, raw",11215,Total lipid (fat),0.50,g
5d3b04256237a3c6056d2f00,vegetables,"Garlic, raw",11215,"Carbohydrate, by difference",33.06,g
5d3b04256237a3c6056d2f01,vegetables,"Garlic, raw",11215,"Fiber, total dietary",2.1,g
5d3b04256237a3c6056d2f02,vegetables,"Garlic, raw",11215,"Sugars, total",1.00,g
5d3b04256237a3c6056d2f03,vegetables,"Kale, raw",11233,Water,89.63,g
5d3b04256237a3c6056d2f04,vegetables,"Kale, raw",11233,Energy,35,kcal
5d3b04256237a3c6056d2f05,vegetables,"Kale, raw",11233,Protein,2.92,g
5d3b04256237a3c6056d2f06,vegetables,"Kale, raw",11233,Total lipid (fat),1.49,g
5d3b04256237a3c6056d2f07,vegetables,"Kale, raw",11233,"Carbohydrate, by difference",4.42,g
5d3b04256237a3c6056d2f08,vegetables,"Kale, raw",11233,"Fiber, total dietary",4.1,g
5d3b04256237a3c6056d2f09,vegetables,"Kale, raw",11233,"Sugars, total",0.99,g
5d3b04256237a3c6056d2f0a,vegetables,"Artichokes, (globe or french), raw",11007,Water,84.94,g
5d3b04256237a3c6056d2f0b,vegetables,"Artichokes, (globe or french), raw",11007,Energy,47,kcal
5d3b04256237a3c6056d2f0c,vegetables,"Artichokes, (globe or french), raw",11007,Protein,3.27,g
5d3b04256237a3c6056d2f0d,vegetables,"Artichokes, (globe or french), raw",11007,Total lipid (fat),0.15,g
5d3b04256237a3c6056d2f0e,vegetables,"Artichokes, (globe or french), raw",11007,"Carbohydrate, by difference",10.51,g
5d3b04256237a3c6056d2f0f,vegetables,"Artichokes, (globe or french), raw",11007,"Fiber, total dietary",5.4,g
5d3b04256237a3c6056d2f10,vegetables,"Artichokes, (globe or french), raw",11007,"Sugars, total",0.99,g
5d3b04256237a3c6056d2f11,grains,"Bagels, whole grain white",28319,Water,34.52,g
5d3b04256237a3c6056d2f12,grains,"Bagels, whole grain white",28319,Energy,255,kcal
5d3b04256237a3c6056d2f13,grains,"Bagels, whole grain white",28319,Protein,9.30,g
5d3b04256237a3c6056d2f14,grains,"Bagels, whole grain white",28319,Total lipid (fat),0.00,g
5d3b04256237a3c6056d2f15,grains,"Bagels, whole grain white",28319,"Carbohydrate, by difference",54.52,g
5d3b04256237a3c6056d2f16,grains,"Bagels, whole grain white",28319,"Fiber, total dietary",4.7,g
5d3b04256237a3c6056d2f17,grains,"Bagels, whole grain white",28319,"Sugars, total",9.30,g
5d3b04256237a3c6056d2f18,grains,Rye grain,20062,Water,10.60,g
5d3b04256237a3c6056d2f19,grains,Rye grain,20062,Energy,338,kcal
5d3b04256237a3c6056d2f1a,grains,Rye grain,20062,Protein,10.34,g
5d3b04256237a3c6056d2f1b,grains,Rye grain,20062,Total lipid (fat),1.63,g
5d3b04256237a3c6056d2f1c,grains,Rye grain,20062,"Carbohydrate, by difference",75.86,g
5d3b04256237a3c6056d2f1d,grains,Rye grain,20062,"Fiber, total dietary",15.1,g
5d3b04256237a3c6056d2f1e,grains,Rye grain,20062,"Sugars, total",0.98,g
5d3b04256237a3c6056d2f1f,grains,"Corn grain, yellow",20014,Water,10.37,g
5d3b04256237a3c6056d2f20,grains,"Corn grain, yellow",20014,Energy,365,kcal
5d3b04256237a3c6056d2f21,grains,"Corn grain, yellow",20014,Protein,9.42,g
5d3b04256237a3c6056d2f22,grains,"Corn grain, yellow",20014,Total lipid (fat),4.74,g
5d3b04256237a3c6056d2f23,grains,"Corn grain, yellow",20014,"Carbohydrate, by difference",74.26,g
5d3b04256237a3c6056d2f24,grains,"Corn grain, yellow",20014,"Fiber, total dietary",7.3,g
5d3b04256237a3c6056d2f25,grains,"Corn grain, yellow",20014,"Sugars, total",0.64,g
5d3b04256237a3c6056d2f26,grains,"Corn flour, whole-grain, yellow",20016,Water,10.91,g
5d3b04256237a3c6056d2f27,grains,"Corn flour, whole-grain, yellow",20016,Energy,361,kcal
5d3b04256237a3c6056d2f28,grains,"Corn flour, whole-grain, yellow",20016,Protein,6.93,g
5d3b04256237a3c6056d2f29,grains,"Corn flour, whole-grain, yellow",20016,Total lipid (fat),3.86,g
5d3b04256237a3c6056d2f2a,grains,"Corn flour, whole-grain, yellow",20016,"Carbohydrate, by difference",76.85,g
5d3b04256237a3c6056d2f2b,grains,"Corn flour, whole-grain, yellow",20016,"Fiber, total dietary",7.3,g
5d3b04256237a3c6056d2f2c,grains,"Corn flour, whole-grain, yellow",20016,"Sugars, total",0.64,g
5d3b04256237a3c6056d2f2d,grains,"Rice, white, long-grain, regular, raw, enriched",20044,Water,11.62,g
5d3b04256237a3c6056d2f2e,grains,"Rice, white, long-grain, regular, raw, enriched",20044,Energy,365,kcal
5d3b04256237a3c6056d2f2f,grains,"Rice, white, long-grain, regular, raw, enriched",20044,Protein,7.13,g
5d3b04256237a3c6056d2f30,grains,"Rice, white, long-grain, regular, raw, enriched",20044,Total lipid (fat),0.66,g
5d3b04256237a3c6056d2f31,grains,"Rice, white, long-grain, regular, raw, enriched",20044,"Carbohydrate, by difference",79.95,g
5d3b04256237a3c6056d2f32,grains,"Rice, white, long-grain, regular, raw, enriched",20044,"Fiber, total dietary",1.3,g
5d3b04256237a3c6056d2f33,grains,"Rice, white, long-grain, regular, raw, enriched",20044,"Sugars, total",0.12,g
5d3b04256237a3c6056d2f34,grains,"Pasta, whole grain, 51% whole wheat, remaining unenriched semolina, dry",20135,Water,8.85,g
5d3b04256237a3c6056d2f35,grains,"Pasta, whole grain, 51% whole wheat, remaining unenriched semolina, dry",20135,Energy,362,kcal
5d3b04256237a3c6056d2f36,grains,"Pasta, whole grain, 51% whole wheat, remaining unenriched semolina, dry",20135,Protein,13.51,g
5d3b04256237a3c6056d2f37,grains,"Pasta, whole grain, 51% whole wheat, remaining unenriched semolina, dry",20135,Total lipid (fat),2.68,g
5d3b04256237a3c6056d2f38,grains,"Pasta, whole grain, 51% whole wheat, remaining unenriched semolina, dry",20135,"Carbohydrate, by difference",73.10,g
5d3b04256237a3c6056d2f39,grains,"Pasta, whole grain, 51% whole wheat, remaining unenriched semolina, dry",20135,"Fiber, total dietary",10.1,g
5d3b04256237a3c6056d2f3a,grains,"Pasta, whole grain, 51% whole wheat, remaining unenriched semolina, dry",20135,"Sugars, total",2.60,g
5d3b04256237a3c6056d2f3b,grains,"Wheat flour, whole-grain, soft wheat",20649,Water,12.42,g
5d3b04256237a3c6056d2f3c,grains,"Wheat flour, whole-grain, soft wheat",20649,Energy,332,kcal
5d3b04256237a3c6056d2f3d,grains,"Wheat flour, whole-grain, soft wheat",20649,Protein,9.61,g
5d3b04256237a3c6056d2f3e,grains,"Wheat flour, whole-grain, soft wheat",20649,Total lipid (fat),1.95,g
5d3b04256237a3c6056d2f3f,grains,"Wheat flour, whole-grain, soft wheat",20649,"Carbohydrate, by difference",74.48,g
5d3b04256237a3c6056d2f40,grains,"Wheat flour, whole-grain, soft wheat",20649,"Fiber, total dietary",13.1,g
5d3b04256237a3c6056d2f41,grains,"Wheat flour, whole-grain, soft wheat",20649,"Sugars, total",1.02,g
5d3b04256237a3c6056d2f42,grains,"Pasta, gluten-free, corn, dry",20091,Water,10.00,g
5d3b04256237a3c6056d2f43,grains,"Pasta, gluten-free, corn, dry",20091,Energy,357,kcal
5d3b04256237a3c6056d2f44,grains,"Pasta, gluten-free, corn, dry",20091,Protein,7.46,g
5d3b04256237a3c6056d2f45,grains,"Pasta, gluten-free, corn, dry",20091,Total lipid (fat),2.08,g
5d3b04256237a3c6056d2f46,grains,"Pasta, gluten-free, corn, dry",20091,"Carbohydrate, by difference",79.26,g
5d3b04256237a3c6056d2f47,grains,"Pasta, gluten-free, corn, dry",20091,"Fiber, total dietary",11.0,g
5d3b04256237a3c6056d2f48,grains,"Pasta, gluten-free, corn, dry",20091,"Calcium, Ca",4,mg
5d3b04256237a3c6056d2f49,grains,"Pasta, gluten-free, corn and rice flour, cooked",20657,Water,57.67,g
5d3b04256237a3c6056d2f4a,grains,"Pasta, gluten-free, corn and rice flour, cooked",20657,Energy,179,kcal
5d3b04256237a3c6056d2f4b,grains,"Pasta, gluten-free, corn and rice flour, cooked",20657,Protein,3.20,g
5d3b04256237a3c6056d2f4c,grains,"Pasta, gluten-free, corn and rice flour, cooked",20657,Total lipid (fat),1.00,g
5d3b04256237a3c6056d2f4d,grains,"Pasta, gluten-free, corn and rice flour, cooked",20657,"Carbohydrate, by difference",38.05,g
5d3b04256237a3c6056d2f4e,grains,"Pasta, gluten-free, corn and rice flour, cooked",20657,"Fiber, total dietary",1.4,g
5d3b04256237a3c6056d2f4f,grains,"Pasta, gluten-free, corn and rice flour, cooked",20657,"Sugars, total",0.00,g
5d3b04256237a3c6056d2f50,grains,"Pasta, dry, enriched",20120,Water,9.90,g
5d3b04256237a3c6056d2f51,grains,"Pasta, dry, enriched",20120,Energy,371,kcal
5d3b04256237a3c6056d2f52,grains,"Pasta, dry, enriched",20120,Protein,13.04,g
5d3b04256237a3c6056d2f53,grains,"Pasta, dry, enriched",20120,Total lipid (fat),1.51,g
5d3b04256237a3c6056d2f54,grains,"Pasta, dry, enriched",20120,"Carbohydrate, by difference",74.67,g
5d3b04256237a3c6056d2f55,grains,"Pasta, dry, enriched",20120,"Fiber, total dietary",3.2,g
5d3b04256237a3c6056d2f56,grains,"Pasta, dry, enriched",20120,"Sugars, total",2.67,g
5d3b04256237a3c6056d2f57,grains,"Nuts, pine nuts, dried",12147,Water,2.28,g
5d3b04256237a3c6056d2f58,grains,"Nuts, pine nuts, dried",12147,Energy,673,kcal
5d3b04256237a3c6056d2f59,grains,"Nuts, pine nuts, dried",12147,Protein,13.69,g
5d3b04256237a3c6056d2f5a,grains,"Nuts, pine nuts, dried",12147,Total lipid (fat),68.37,g
5d3b04256237a3c6056d2f5b,grains,"Nuts, pine nuts, dried",12147,"Carbohydrate, by difference",13.08,g
5d3b04256237a3c6056d2f5c,grains,"Nuts, pine nuts, dried",12147,"Fiber, total dietary",3.7,g
5d3b04256237a3c6056d2f5d,grains,"Nuts, pine nuts, dried",12147,"Sugars, total",3.59,g
5d3b04256237a3c6056d2f5e,grains,"Nuts, cashew nuts, oil roasted, with salt added",12586,Water,2.34,g
5d3b04256237a3c6056d2f5f,grains,"Nuts, cashew nuts, oil roasted, with salt added",12586,Energy,581,kcal
5d3b04256237a3c6056d2f60,grains,"Nuts, cashew nuts, oil roasted, with salt added",12586,Protein,16.84,g
5d3b04256237a3c6056d2f61,grains,"Nuts, cashew nuts, oil roasted, with salt added",12586,Total lipid (fat),47.77,g
5d3b04256237a3c6056d2f62,grains,"Nuts, cashew nuts, oil roasted, with salt added",12586,"Carbohydrate, by difference",30.16,g
5d3b04256237a3c6056d2f63,grains,"Nuts, cashew nuts, oil roasted, with salt added",12586,"Fiber, total dietary",3.3,g
5d3b04256237a3c6056d2f64,grains,"Nuts, cashew nuts, oil roasted, with salt added",12586,"Sugars, total",5.01,g
5d3b04256237a3c6056d2f65,grains,"Nuts, coconut meat, raw",12104,Water,46.99,g
5d3b04256237a3c6056d2f66,grains,"Nuts, coconut meat, raw",12104,Energy,354,kcal
5d3b04256237a3c6056d2f67,grains,"Nuts, coconut meat, raw",12104,Protein,3.33,g
5d3b04256237a3c6056d2f68,grains,"Nuts, coconut meat, raw",12104,Total lipid (fat),33.49,g
5d3b04256237a3c6056d2f69,grains,"Nuts, coconut meat, raw",12104,"Carbohydrate, by difference",15.23,g
5d3b04256237a3c6056d2f6a,grains,"Nuts, coconut meat, raw",12104,"Fiber, total dietary",9.0,g
5d3b04256237a3c6056d2f6b,grains,"Nuts, coconut meat, raw",12104,"Sugars, total",6.23,g
5d3b04256237a3c6056d2f6c,grains,"Nuts, walnuts, english",12155,Water,4.07,g
5d3b04256237a3c6056d2f6d,grains,"Nuts, walnuts, english",12155,Energy,654,kcal
5d3b04256237a3c6056d2f6e,grains,"Nuts, walnuts, english",12155,Protein,15.23,g
5d3b04256237a3c6056d2f6f,grains,"Nuts, walnuts, english",12155,Total lipid (fat),65.21,g
5d3b04256237a3c6056d2f70,grains,"Nuts, walnuts, english",12155,"Carbohydrate, by difference",13.71,g
5d3b04256237a3c6056d2f71,grains,"Nuts, walnuts, english",12155,"Fiber, total dietary",6.7,g
5d3b04256237a3c6056d2f72,grains,"Nuts, walnuts, english",12155,"Sugars, total",2.61,g
5d3b04256237a3c6056d2f73,grains,"Nuts, almonds, dry roasted, without salt added",12063,Water,2.41,g
5d3b04256237a3c6056d2f74,grains,"Nuts, almonds, dry roasted, without salt added",12063,Energy,598,kcal
5d3b04256237a3c6056d2f75,grains,"Nuts, almonds, dry roasted, without salt added",12063,Protein,20.96,g
5d3b04256237a3c6056d2f76,grains,"Nuts, almonds, dry roasted, without salt added",12063,Total lipid (fat),52.54,g
5d3b04256237a3c6056d2f77,grains,"Nuts, almonds, dry roasted, without salt added",12063,"Carbohydrate, by difference",21.01,g
5d3b04256237a3c6056d2f78,grains,"Nuts, almonds, dry roasted, without salt added",12063,"Fiber, total dietary",10.9,g
5d3b04256237a3c6056d2f79,grains,"Nuts, almonds, dry roasted, without salt added",12063,"Sugars, total",4.86,g
5d3b04256237a3c6056d2f7a,grains,"Sorghum flour, whole-grain",20648,Water,10.26,g
5d3b04256237a3c6056d2f7b,grains,"Sorghum flour, whole-grain",20648,Energy,359,kcal
5d3b04256237a3c6056d2f7c,grains,"Sorghum flour, whole-grain",20648,Protein,8.43,g
5d3b04256237a3c6056d2f7d,grains,"Sorghum flour, whole-grain",20648,Total lipid (fat),3.34,g
5d3b04256237a3c6056d2f7e,grains,"Sorghum flour, whole-grain",20648,"Carbohydrate, by difference",76.64,g
5d3b04256237a3c6056d2f7f,grains,"Sorghum flour, whole-grain",20648,"Fiber, total dietary",6.6,g
5d3b04256237a3c6056d2f80,grains,"Sorghum flour, whole-grain",20648,"Sugars, total",1.94,g
5d3b04256237a3c6056d2f81,grains,"Biscuits, mixed grain, refrigerated dough",18017,Water,37.80,g
5d3b04256237a3c6056d2f82,grains,"Biscuits, mixed grain, refrigerated dough",18017,Energy,263,kcal
5d3b04256237a3c6056d2f83,grains,"Biscuits, mixed grain, refrigerated dough",18017,Protein,6.10,g
5d3b04256237a3c6056d2f84,grains,"Biscuits, mixed grain, refrigerated dough",18017,Total lipid (fat),5.60,g
5d3b04256237a3c6056d2f85,grains,"Biscuits, mixed grain, refrigerated dough",18017,"Carbohydrate, by difference",47.40,g
5d3b04256237a3c6056d2f86,grains,"Biscuits, mixed grain, refrigerated dough",18017,"Calcium, Ca",17,mg
5d3b04256237a3c6056d2f87,grains,"Biscuits, mixed grain, refrigerated dough",18017,"Iron, Fe",2.75,mg
5d3b04256237a3c6056d2f88,grains,"Muffins, English, mixed-grain (includes granola)",18260,Water,40.20,g
5d3b04256237a3c6056d2f89,grains,"Muffins, English, mixed-grain (includes granola)",18260,Energy,235,kcal
5d3b04256237a3c6056d2f8a,grains,"Muffins, English, mixed-grain (includes granola)",18260,Protein,9.10,g
5d3b04256237a3c6056d2f8b,grains,"Muffins, English, mixed-grain (includes granola)",18260,Total lipid (fat),1.80,g
5d3b04256237a3c6056d2f8c,grains,"Muffins, English, mixed-grain (includes granola)",18260,"Carbohydrate, by difference",46.30,g
5d3b04256237a3c6056d2f8d,grains,"Muffins, English, mixed-grain (includes granola)",18260,"Fiber, total dietary",2.8,g
5d3b04256237a3c6056d2f8e,grains,"Muffins, English, mixed-grain (includes granola)",18260,"Sugars, total",0.81,g
5d3b04256237a3c6056d2f8f,grains,"Rolls, hamburger or hotdog, mixed-grain",18351,Water,38.00,g
5d3b04256237a3c6056d2f90,grains,"Rolls, hamburger or hotdog, mixed-grain",18351,Energy,263,kcal
5d3b04256237a3c6056d2f91,grains,"Rolls, hamburger or hotdog, mixed-grain",18351,Protein,9.60,g
5d3b04256237a3c6056d2f92,grains,"Rolls, hamburger or hotdog, mixed-grain",18351,Total lipid (fat),6.00,g
5d3b04256237a3c6056d2f93,grains,"Rolls, hamburger or hotdog, mixed-grain",18351,"Carbohydrate, by difference",44.60,g
5d3b04256237a3c6056d2f94,grains,"Rolls, hamburger or hotdog, mixed-grain",18351,"Fiber, total dietary",3.8,g
5d3b04256237a3c6056d2f95,grains,"Rolls, hamburger or hotdog, mixed-grain",18351,"Sugars, total",6.25,g
5d3b04256237a3c6056d2f96,grains,"School Lunch, chicken nuggets, whole grain breaded",21611,Water,46.53,g
5d3b04256237a3c6056d2f97,grains,"School Lunch, chicken nuggets, whole grain breaded",21611,Energy,270,kcal
5d3b04256237a3c6056d2f98,grains,"School Lunch, chicken nuggets, whole grain breaded",21611,Protein,15.67,g
5d3b04256237a3c6056d2f99,grains,"School Lunch, chicken nuggets, whole grain breaded",21611,Total lipid (fat),12.90,g
5d3b04256237a3c6056d2f9a,grains,"School Lunch, chicken nuggets, whole grain breaded",21611,"Carbohydrate, by difference",22.86,g
5d3b04256237a3c6056d2f9b,grains,"School Lunch, chicken nuggets, whole grain breaded",21611,"Fiber, total dietary",2.2,g
5d3b04256237a3c6056d2f9c,grains,"School Lunch, chicken nuggets, whole grain breaded",21611,"Sugars, total",0.49,g
5d3b04256237a3c6056d2f9d,grains,"Cereals ready-to-eat, POST, GREAT GRAINS, Raisin, Date & Pecan",42265,Water,8.50,g
5d3b04256237a3c6056d2f9e,grains,"Cereals ready-to-eat, POST, GREAT GRAINS, Raisin, Date & Pecan",42265,Energy,378,kcal
5d3b04256237a3c6056d2f9f,grains,"Cereals ready-to-eat, POST, GREAT GRAINS, Raisin, Date & Pecan",42265,Protein,7.90,g
5d3b04256237a3c6056d2fa0,grains,"Cereals ready-to-eat, POST, GREAT GRAINS, Raisin, Date & Pecan",42265,Total lipid (fat),7.10,g
5d3b04256237a3c6056d2fa1,grains,"Cereals ready-to-eat, POST, GREAT GRAINS, Raisin, Date & Pecan",42265,"Carbohydrate, by difference",74.30,g
5d3b04256237a3c6056d2fa2,grains,"Cereals ready-to-eat, POST, GREAT GRAINS, Raisin, Date & Pecan",42265,"Fiber, total dietary",9.3,g
5d3b04256237a3c6056d2fa3,grains,"Cereals ready-to-eat, POST, GREAT GRAINS, Raisin, Date & Pecan",42265,"Sugars, total",24.10,g
5d3b04256237a3c6056d2fa4,grains,"Cereals ready-to-eat, POST, GREAT GRAINS Crunchy Pecan Cereal",42261,Water,5.20,g
5d3b04256237a3c6056d2fa5,grains,"Cereals ready-to-eat, POST, GREAT GRAINS Crunchy Pecan Cereal",42261,Energy,403,kcal
5d3b04256237a3c6056d2fa6,grains,"Cereals ready-to-eat, POST, GREAT GRAINS Crunchy Pecan Cereal",42261,Protein,9.00,g
5d3b04256237a3c6056d2fa7,grains,"Cereals ready-to-eat, POST, GREAT GRAINS Crunchy Pecan Cereal",42261,Total lipid (fat),10.50,g
5d3b04256237a3c6056d2fa8,grains,"Cereals ready-to-eat, POST, GREAT GRAINS Crunchy Pecan Cereal",42261,"Carbohydrate, by difference",73.00,g
5d3b04256237a3c6056d2fa9,grains,"Cereals ready-to-eat, POST, GREAT GRAINS Crunchy Pecan Cereal",42261,"Fiber, total dietary",9.7,g
5d3b04256237a3c6056d2faa,grains,"Cereals ready-to-eat, POST, GREAT GRAINS Crunchy Pecan Cereal",42261,"Sugars, total",15.40,g
5d3b04256237a3c6056d2fab,grains,"Crackers, whole grain, sandwich-type, with peanut butter filling",28326,Water,7.32,g
5d3b04256237a3c6056d2fac,grains,"Crackers, whole grain, sandwich-type, with peanut butter filling",28326,Energy,465,kcal
5d3b04256237a3c6056d2fad,grains,"Crackers, whole grain, sandwich-type, with peanut butter filling",28326,Protein,14.12,g
5d3b04256237a3c6056d2fae,grains,"Crackers, whole grain, sandwich-type, with peanut butter filling",28326,Total lipid (fat),21.18,g
5d3b04256237a3c6056d2faf,grains,"Crackers, whole grain, sandwich-type, with peanut butter filling",28326,"Carbohydrate, by difference",54.59,g
5d3b04256237a3c6056d2fb0,grains,"Crackers, whole grain, sandwich-type, with peanut butter filling",28326,"Fiber, total dietary",9.4,g
5d3b04256237a3c6056d2fb1,grains,"Crackers, whole grain, sandwich-type, with peanut butter filling",28326,"Sugars, total",9.41,g
5d3b04256237a3c6056d2fb2,grains,"Rice, brown, long-grain, raw (Includes foods for USDA's Food Distribution Program)",20036,Water,11.80,g
5d3b04256237a3c6056d2fb3,grains,"Rice, brown, long-grain, raw (Includes foods for USDA's Food Distribution Program)",20036,Energy,367,kcal
5d3b04256237a3c6056d2fb4,grains,"Rice, brown, long-grain, raw (Includes foods for USDA's Food Distribution Program)",20036,Protein,7.54,g
5d3b04256237a3c6056d2fb5,grains,"Rice, brown, long-grain, raw (Includes foods for USDA's Food Distribution Program)",20036,Total lipid (fat),3.20,g
5d3b04256237a3c6056d2fb6,grains,"Rice, brown, long-grain, raw (Includes foods for USDA's Food Distribution Program)",20036,"Carbohydrate, by difference",76.25,g
5d3b04256237a3c6056d2fb7,grains,"Rice, brown, long-grain, raw (Includes foods for USDA's Food Distribution Program)",20036,"Fiber, total dietary",3.6,g
5d3b04256237a3c6056d2fb8,grains,"Rice, brown, long-grain, raw (Includes foods for USDA's Food Distribution Program)",20036,"Sugars, total",0.66,g
5d3b04256237a3c6056d2fb9,dairy,"Cheese, blue",01004,Water,42.41,g
5d3b04256237a3c6056d2fba,dairy,"Cheese, blue",01004,Energy,353,kcal
5d3b04256237a3c6056d2fbb,dairy,"Cheese, blue",01004,Protein,21.40,g
5d3b04256237a3c6056d2fbc,dairy,"Cheese, blue",01004,Total lipid (fat),28.74,g
5d3b04256237a3c6056d2fbd,dairy,"Cheese, blue",01004,"Carbohydrate, by difference",2.34,g
5d3b04256237a3c6056d2fbe,dairy,"Cheese, blue",01004,"Fiber, total dietary",0.0,g
5d3b04256237a3c6056d2fbf,dairy,"Cheese, blue",01004,"Sugars, total",0.50,g
5d3b04256237a3c6056d2fc0,dairy,"Cheese, swiss",01040,Water,37.63,g
5d3b04256237a3c6056d2fc1,dairy,"Cheese, swiss",01040,Energy,393,kcal
5d3b04256237a3c6056d2fc2,dairy,"Cheese, swiss",01040,Protein,26.96,g
5d3b04256237a3c6056d2fc3,dairy,"Cheese, swiss",01040,Total lipid (fat),30.99,g
5d3b04256237a3c6056d2fc4,dairy,"Cheese, swiss",01040,"Carbohydrate, by difference",1.44,g
5d3b04256237a3c6056d2fc5,dairy,"Cheese, swiss",01040,"Fiber, total dietary",0.0,g
5d3b04256237a3c6056d2fc6,dairy,"Cheese, swiss",01040,"Sugars, total",0.00,g
5d3b04256237a3c6056d2fc7,dairy,"Egg, whole, cooked, scrambled",01132,Water,76.40,g
5d3b04256237a3c6056d2fc8,dairy,"Egg, whole, cooked, scrambled",01132,Energy,149,kcal
5d3b04256237a3c6056d2fc9,dairy,"Egg, whole, cooked, scrambled",01132,Protein,9.99,g
5d3b04256237a3c6056d2fca,dairy,"Egg, whole, cooked, scrambled",01132,Total lipid (fat),10.98,g
5d3b04256237a3c6056d2fcb,dairy,"Egg, whole, cooked, scrambled",01132,"Carbohydrate, by difference",1.61,g
5d3b04256237a3c6056d2fcc,dairy,"Egg, whole, cooked, scrambled",01132,"Fiber, total dietary",0.0,g
5d3b04256237a3c6056d2fcd,dairy,"Egg, whole, cooked, scrambled",01132,"Sugars, total",1.39,g
5d3b04256237a3c6056d2fce,dairy,"Butter, salted",01001,Water,16.17,g
5d3b04256237a3c6056d2fcf,dairy,"Butter, salted",01001,Energy,717,kcal
5d3b04256237a3c6056d2fd0,dairy,"Butter, salted",01001,Protein,0.85,g
5d3b04256237a3c6056d2fd1,dairy,"Butter, salted",01001,Total lipid (fat),81.11,g
5d3b04256237a3c6056d2fd2,dairy,"Butter, salted",01001,"Carbohydrate, by difference",0.06,g
5d3b04256237a3c6056d2fd3,dairy,"Butter, salted",01001,"Fiber, total dietary",0.0,g
5d3b04256237a3c6056d2fd4,dairy,"Butter, salted",01001,"Sugars, total",0.06,g
5d3b04256237a3c6056d2fd5,dairy,"Cheese, cheddar (Includes foods for USDA's Food Distribution Program)",01009,Water,36.75,g
5d3b04256237a3c6056d2fd6,dairy,"Cheese, cheddar (Includes foods for USDA's Food Distribution Program)",01009,Energy,403,kcal
5d3b04256237a3c6056d2fd7,dairy,"Cheese, cheddar (Includes foods for USDA's Food Distribution Program)",01009,Protein,22.87,g
5d3b04256237a3c6056d2fd8,dairy,"Cheese, cheddar (Includes foods for USDA's Food Distribution Program)",01009,Total lipid (fat),33.31,g
5d3b04256237a3c6056d2fd9,dairy,"Cheese, cheddar (Includes foods for USDA's Food Distribution Program)",01009,"Carbohydrate, by difference",3.37,g
5d3b04256237a3c6056d2fda,dairy,"Cheese, cheddar (Includes foods for USDA's Food Distribution Program)",01009,"Fiber, total dietary",0.0,g
5d3b04256237a3c6056d2fdb,dairy,"Cheese, cheddar (Includes foods for USDA's Food Distribution Program)",01009,"Sugars, total",0.48,g
5d3b04256237a3c6056d2fdc,dairy,"Cream, fluid, heavy whipping",01053,Water,57.71,g
5d3b04256237a3c6056d2fdd,dairy,"Cream, fluid, heavy whipping",01053,Energy,340,kcal
5d3b04256237a3c6056d2fde,dairy,"Cream, fluid, heavy whipping",01053,Protein,2.84,g
5d3b04256237a3c6056d2fdf,dairy,"Cream, fluid, heavy whipping",01053,Total lipid (fat),36.08,g
5d3b04256237a3c6056d2fe0,dairy,"Cream, fluid, heavy whipping",01053,"Carbohydrate, by difference",2.84,g
5d3b04256237a3c6056d2fe1,dairy,"Cream, fluid, heavy whipping",01053,"Fiber, total dietary",0.0,g
5d3b04256237a3c6056d2fe2,dairy,"Cream, fluid, heavy whipping",01053,"Sugars, total",2.92,g
5d3b04256237a3c6056d2fe3,dairy,"Milk, lowfat, fluid, 1% milkfat, with added vitamin A and vitamin D",01082,Water,89.92,g
5d3b04256237a3c6056d2fe4,dairy,"Milk, lowfat, fluid, 1% milkfat, with added vitamin A and vitamin D",01082,Energy,42,kcal
5d3b04256237a3c6056d2fe5,dairy,"Milk, lowfat, fluid, 1% milkfat, with added vitamin A and vitamin D",01082,Protein,3.37,g
5d3b04256237a3c6056d2fe6,dairy,"Milk, lowfat, fluid, 1% milkfat, with added vitamin A and vitamin D",01082,Total lipid (fat),0.97,g
5d3b04256237a3c6056d2fe7,dairy,"Milk, lowfat, fluid, 1% milkfat, with added vitamin A and vitamin D",01082,"Carbohydrate, by difference",4.99,g
5d3b04256237a3c6056d2fe8,dairy,"Milk, lowfat, fluid, 1% milkfat, with added vitamin A and vitamin D",01082,"Fiber, total dietary",0.0,g
5d3b04256237a3c6056d2fe9,dairy,"Milk, lowfat, fluid, 1% milkfat, with added vitamin A and vitamin D",01082,"Sugars, total",5.20,g
5d3b04256237a3c6056d2fea,dairy,"Yogurt, plain, low fat",01117,Water,85.07,g
5d3b04256237a3c6056d2feb,dairy,"Yogurt, plain, low fat",01117,Energy,63,kcal
5d3b04256237a3c6056d2fec,dairy,"Yogurt, plain, low fat",01117,Protein,5.25,g
5d3b04256237a3c6056d2fed,dairy,"Yogurt, plain, low fat",01117,Total lipid (fat),1.55,g
5d3b04256237a3c6056d2fee,dairy,"Yogurt, plain, low fat",01117,"Carbohydrate, by difference",7.04,g
5d3b04256237a3c6056d2fef,dairy,"Yogurt, plain, low fat",01117,"Fiber, total dietary",0.0,g
5d3b04256237a3c6056d2ff0,dairy,"Yogurt, plain, low fat",01117,"Sugars, total",7.04,g
5d3b04256237a3c6056d2ff1,dairy,"Yogurt, Greek, plain, lowfat",01287,Water,83.56,g
5d3b04256237a3c6056d2ff2,dairy,"Yogurt, Greek, plain, lowfat",01287,Energy,73,kcal
5d3b04256237a3c6056d2ff3,dairy,"Yogurt, Greek, plain, lowfat",01287,Protein,9.95,g
5d3b04256237a3c6056d2ff4,dairy,"Yogurt, Greek, plain, lowfat",01287,Total lipid (fat),1.92,g
5d3b04256237a3c6056d2ff5,dairy,"Yogurt, Greek, plain, lowfat",01287,"Carbohydrate, by difference",3.94,g
5d3b04256237a3c6056d2ff6,dairy,"Yogurt, Greek, plain, lowfat",01287,"Fiber, total dietary",0.0,g
5d3b04256237a3c6056d2ff7,dairy,"Yogurt, Greek, plain, lowfat",01287,"Sugars, total",3.56,g
5d3b04256237a3c6056d2ff8,dairy,"Butter, Clarified butter (ghee)",01323,Water,0.50,g
5d3b04256237a3c6056d2ff9,dairy,"Butter, Clarified butter (ghee)",01323,Energy,900,kcal
5d3b04256237a3c6056d2ffa,dairy,"Butter, Clarified butter (ghee)",01323,Protein,0.00,g
5d3b04256237a3c6056d2ffb,dairy,"Butter, Clarified butter (ghee)",01323,Total lipid (fat),100.00,g
5d3b04256237a3c6056d2ffc,dairy,"Butter, Clarified butter (ghee)",01323,"Carbohydrate, by difference",0.00,g
5d3b04256237a3c6056d2ffd,dairy,"Butter, Clarified butter (ghee)",01323,"Fiber, total dietary",0.0,g
5d3b04256237a3c6056d2ffe,dairy,"Butter, Clarified butter (ghee)",01323,"Sugars, total",0.00,g
5d3b04256237a3c6056d2fff,dairy,"Cheese, white, queso blanco",01229,Water,48.70,g
5d3b04256237a3c6056d3000,dairy,"Cheese, white, queso blanco",01229,Energy,310,kcal
5d3b04256237a3c6056d3001,dairy,"Cheese, white, queso blanco",01229,Protein,20.38,g
5d3b04256237a3c6056d3002,dairy,"Cheese, white, queso blanco",01229,Total lipid (fat),24.31,g
5d3b04256237a3c6056d3003,dairy,"Cheese, white, queso blanco",01229,"Carbohydrate, by difference",2.53,g
5d3b04256237a3c6056d3004,dairy,"Cheese, white, queso blanco",01229,"Sugars, total",1.76,g
5d3b04256237a3c6056d3005,dairy,"Cheese, white, queso blanco",01229,"Calcium, Ca",690,mg
5d3b04256237a3c6056d3006,dairy,"Butter, without salt",01145,Water,16.17,g
5d3b04256237a3c6056d3007,dairy,"Butter, without salt",01145,Energy,717,kcal
5d3b04256237a3c6056d3008,dairy,"Butter, without salt",01145,Protein,0.85,g
5d3b04256237a3c6056d3009,dairy,"Butter, without salt",01145,Total lipid (fat),81.11,g
5d3b04256237a3c6056d300a,dairy,"Butter, without salt",01145,"Carbohydrate, by difference",0.06,g
5d3b04256237a3c6056d300b,dairy,"Butter, without salt",01145,"Fiber, total dietary",0.0,g
5d3b04256237a3c6056d300c,dairy,"Butter, without salt",01145,"Sugars, total",0.06,g
5d3b04256237a3c6056d300d,dairy,"Cheese, goat, soft type",01159,Water,60.75,g
5d3b04256237a3c6056d300e,dairy,"Cheese, goat, soft type",01159,Energy,264,kcal
5d3b04256237a3c6056d300f,dairy,"Cheese, goat, soft type",01159,Protein,18.52,g
5d3b04256237a3c6056d3010,dairy,"Cheese, goat, soft type",01159,Total lipid (fat),21.08,g
5d3b04256237a3c6056d3011,dairy,"Cheese, goat, soft type",01159,"Carbohydrate, by difference",0.00,g
5d3b04256237a3c6056d3012,dairy,"Cheese, goat, soft type",01159,"Fiber, total dietary",0.0,g
5d3b04256237a3c6056d3013,dairy,"Cheese, goat, soft type",01159,"Sugars, total",0.00,g
5d3b04256237a3c6056d3014,dairy,Eggnog,01057,Water,82.54,g
5d3b04256237a3c6056d3015,dairy,Eggnog,01057,Energy,88,kcal
5d3b04256237a3c6056d3016,dairy,Eggnog,01057,Protein,4.55,g
5d3b04256237a3c6056d3017,dairy,Eggnog,01057,Total lipid (fat),4.19,g
5d3b04256237a3c6056d3018,dairy,Eggnog,01057,"Carbohydrate, by difference",8.05,g
5d3b04256237a3c6056d3019,dairy,Eggnog,01057,"Fiber, total dietary",0.0,g
5d3b04256237a3c6056d301a,dairy,Eggnog,01057,"Sugars, total",8.05,g
5d3b04256237a3c6056d301b,dairy,"Milk, whole, 3.25% milkfat, with added vitamin D",01077,Water,88.13,g
5d3b04256237a3c6056d301c,dairy,"Milk, whole, 3.25% milkfat, with added vitamin D",01077,Energy,61,kcal
5d3b04256237a3c6056d301d,dairy,"Milk, whole, 3.25% milkfat, with added vitamin D",01077,Protein,3.15,g
5d3b04256237a3c6056d301e,dairy,"Milk, whole, 3.25% milkfat, with added vitamin D",01077,Total lipid (fat),3.25,g
5d3b04256237a3c6056d301f,dairy,"Milk, whole, 3.25% milkfat, with added vitamin D",01077,"Carbohydrate, by difference",4.80,g
5d3b04256237a3c6056d3020,dairy,"Milk, whole, 3.25% milkfat, with added vitamin D",01077,"Fiber, total dietary",0.0,g
5d3b04256237a3c6056d3021,dairy,"Milk, whole, 3.25% milkfat, with added vitamin D",01077,"Sugars, total",5.05,g
5d3b04256237a3c6056d3022,dairy,"Cheese, parmesan, grated",01032,Water,22.65,g
5d3b04256237a3c6056d3023,dairy,"Cheese, parmesan, grated",01032,Energy,420,kcal
5d3b04256237a3c6056d3024,dairy,"Cheese, parmesan, grated",01032,Protein,28.42,g
5d3b04256237a3c6056d3025,dairy,"Cheese, parmesan, grated",01032,Total lipid (fat),27.84,g
5d3b04256237a3c6056d3026,dairy,"Cheese, parmesan, grated",01032,"Carbohydrate, by difference",13.91,g
5d3b04256237a3c6056d3027,dairy,"Cheese, parmesan, grated",01032,"Fiber, total dietary",0.0,g
5d3b04256237a3c6056d3028,dairy,"Cheese, parmesan, grated",01032,"Sugars, total",0.07,g
5d3b04256237a3c6056d3029,dairy,"Cheese, cottage, creamed, large or small curd",01012,Water,79.79,g
5d3b04256237a3c6056d302a,dairy,"Cheese, cottage, creamed, large or small curd",01012,Energy,98,kcal
5d3b04256237a3c6056d302b,dairy,"Cheese, cottage, creamed, large or small curd",01012,Protein,11.12,g
5d3b04256237a3c6056d302c,dairy,"Cheese, cottage, creamed, large or small curd",01012,Total lipid (fat),4.30,g
5d3b04256237a3c6056d302d,dairy,"Cheese, cottage, creamed, large or small curd",01012,"Carbohydrate, by difference",3.38,g
5d3b04256237a3c6056d302e,dairy,"Cheese, cottage, creamed, large or small curd",01012,"Fiber, total dietary",0.0,g
5d3b04256237a3c6056d302f,dairy,"Cheese, cottage, creamed, large or small curd",01012,"Sugars, total",2.67,g
5d3b04256237a3c6056d3030,dairy,"Cheese, cottage, lowfat, 2% milkfat",01015,Water,81.24,g
5d3b04256237a3c6056d3031,dairy,"Cheese, cottage, lowfat, 2% milkfat",01015,Energy,81,kcal
5d3b04256237a3c6056d3032,dairy,"Cheese, cottage, lowfat, 2% milkfat",01015,Protein,10.45,g
5d3b04256237a3c6056d3033,dairy,"Cheese, cottage, lowfat, 2% milkfat",01015,Total lipid (fat),2.27,g
5d3b04256237a3c6056d3034,dairy,"Cheese, cottage, lowfat, 2% milkfat",01015,"Carbohydrate, by difference",4.76,g
5d3b04256237a3c6056d3035,dairy,"Cheese, cottage, lowfat, 2% milkfat",01015,"Fiber, total dietary",0.0,g
5d3b04256237a3c6056d3036,dairy,"Cheese, cottage, lowfat, 2% milkfat",01015,"Sugars, total",4.00,g
5d3b04256237a3c6056d3037,dairy,"Cheese, cream",01017,Water,52.62,g
5d3b04256237a3c6056d3038,dairy,"Cheese, cream",01017,Energy,350,kcal
5d3b04256237a3c6056d3039,dairy,"Cheese, cream",01017,Protein,6.15,g
5d3b04256237a3c6056d303a,dairy,"Cheese, cream",01017,Total lipid (fat),34.44,g
5d3b04256237a3c6056d303b,dairy,"Cheese, cream",01017,"Carbohydrate, by difference",5.52,g
5d3b04256237a3c6056d303c,dairy,"Cheese, cream",01017,"Fiber, total dietary",0.0,g
5d3b04256237a3c6056d303d,dairy,"Cheese, cream",01017,"Sugars, total",3.76,g
5d3b04256237a3c6056d303e,dairy,"Cheese, feta",01019,Water,55.22,g
5d3b04256237a3c6056d303f,dairy,"Cheese, feta",01019,Energy,265,kcal
5d3b04256237a3c6056d3040,dairy,"Cheese, feta",01019,Protein,14.21,g
5d3b04256237a3c6056d3041,dairy,"Cheese, feta",01019,Total lipid (fat),21.49,g
5d3b04256237a3c6056d3042,dairy,"Cheese, feta",01019,"Carbohydrate, by difference",3.88,g
5d3b04256237a3c6056d3043,dairy,"Cheese, feta",01019,"Fiber, total dietary",0.0,g
5d3b04256237a3c6056d3044,dairy,"Cheese, feta",01019,"Sugars, total",0.00,g
5d3b04256237a3c6056d3045,dairy,"Cheese, mozzarella, whole milk",01026,Water,50.01,g
5d3b04256237a3c6056d3046,dairy,"Cheese, mozzarella, whole milk",01026,Energy,299,kcal
5d3b04256237a3c6056d3047,dairy,"Cheese, mozzarella, whole milk",01026,Protein,22.17,g
5d3b04256237a3c6056d3048,dairy,"Cheese, mozzarella, whole milk",01026,Total lipid (fat),22.14,g
5d3b04256237a3c6056d3049,dairy,"Cheese, mozzarella, whole milk",01026,"Carbohydrate, by difference",2.40,g
5d3b04256237a3c6056d304a,dairy,"Cheese, mozzarella, whole milk",01026,"Fiber, total dietary",0.0,g
5d3b04256237a3c6056d304b,dairy,"Cheese, mozzarella, whole milk",01026,"Sugars, total",0.00,g
5d3b04256237a3c6056d304c,dairy,"Cream, sour, cultured",01056,Water,73.07,g
5d3b04256237a3c6056d304d,dairy,"Cream, sour, cultured",01056,Energy,198,kcal
5d3b04256237a3c6056d304e,dairy,"Cream, sour, cultured",01056,Protein,2.44,g
5d3b04256237a3c6056d304f,dairy,"Cream, sour, cultured",01056,Total lipid (fat),19.35,g
5d3b04256237a3c6056d3050,dairy,"Cream, sour, cultured",01056,"Carbohydrate, by difference",4.63,g
5d3b04256237a3c6056d3051,dairy,"Cream, sour, cultured",01056,"Fiber, total dietary",0.0,g
5d3b04256237a3c6056d3052,dairy,"Cream, sour, cultured",01056,"Sugars, total",3.41,g
5d3b04256237a3c6056d3053,dairy,"Milk, human, mature, fluid",01107,Water,87.50,g
5d3b04256237a3c6056d3054,dairy,"Milk, human, mature, fluid",01107,Energy,70,kcal
5d3b04256237a3c6056d3055,dairy,"Milk, human, mature, fluid",01107,Protein,1.03,g
5d3b04256237a3c6056d3056,dairy,"Milk, human, mature, fluid",01107,Total lipid (fat),4.38,g
5d3b04256237a3c6056d3057,dairy,"Milk, human, mature, fluid",01107,"Carbohydrate, by difference",6.89,g
5d3b04256237a3c6056d3058,dairy,"Milk, human, mature, fluid",01107,"Fiber, total dietary",0.0,g
5d3b04256237a3c6056d3059,dairy,"Milk, human, mature, fluid",01107,"Sugars, total",6.89,g
5d3b04256237a3c6056d305a,dairy,"Cheese product, pasteurized process, American, vitamin D fortified",01252,Water,45.07,g
5d3b04256237a3c6056d305b,dairy,"Cheese product, pasteurized process, American, vitamin D fortified",01252,Energy,307,kcal
5d3b04256237a3c6056d305c,dairy,"Cheese product, pasteurized process, American, vitamin D fortified",01252,Protein,16.09,g
5d3b04256237a3c6056d305d,dairy,"Cheese product, pasteurized process, American, vitamin D fortified",01252,Total lipid (fat),23.06,g
5d3b04256237a3c6056d305e,dairy,"Cheese product, pasteurized process, American, vitamin D fortified",01252,"Carbohydrate, by difference",8.85,g
5d3b04256237a3c6056d305f,dairy,"Cheese product, pasteurized process, American, vitamin D fortified",01252,"Fiber, total dietary",0.0,g
5d3b04256237a3c6056d3060,dairy,"Cheese product, pasteurized process, American, vitamin D fortified",01252,"Sugars, total",6.24,g
5d3b04256237a3c6056d3061,dairy,"Yogurt, Greek, plain, whole milk",01293,Water,81.30,g
5d3b04256237a3c6056d3062,dairy,"Yogurt, Greek, plain, whole milk",01293,Energy,97,kcal
5d3b04256237a3c6056d3063,dairy,"Yogurt, Greek, plain, whole milk",01293,Protein,9.00,g
5d3b04256237a3c6056d3064,dairy,"Yogurt, Greek, plain, whole milk",01293,Total lipid (fat),5.00,g
5d3b04256237a3c6056d3065,dairy,"Yogurt, Greek, plain, whole milk",01293,"Carbohydrate, by difference",3.98,g
5d3b04256237a3c6056d3066,dairy,"Yogurt, Greek, plain, whole milk",01293,"Fiber, total dietary",0.0,g
5d3b04256237a3c6056d3067,dairy,"Yogurt, Greek, plain, whole milk",01293,"Sugars, total",4.00,g
5d3b04256237a3c6056d3068,meats,"Beef, cured, corned beef, brisket, raw",13346,Water,66.56,g
5d3b04256237a3c6056d3069,meats,"Beef, cured, corned beef, brisket, raw",13346,Energy,198,kcal
5d3b04256237a3c6056d306a,meats,"Beef, cured, corned beef, brisket, raw",13346,Protein,14.68,g
5d3b04256237a3c6056d306b,meats,"Beef, cured, corned beef, brisket, raw",13346,Total lipid (fat),14.90,g
5d3b04256237a3c6056d306c,meats,"Beef, cured, corned beef, brisket, raw",13346,"Carbohydrate, by difference",0.14,g
5d3b04256237a3c6056d306d,meats,"Beef, cured, corned beef, brisket, raw",13346,"Fiber, total dietary",0.0,g
5d3b04256237a3c6056d306e,meats,"Beef, cured, corned beef, brisket, raw",13346,"Calcium, Ca",7,mg
5d3b04256237a3c6056d306f,meats,"Beef, corned beef hash, with potato, canned",22908,Water,70.32,g
5d3b04256237a3c6056d3070,meats,"Beef, corned beef hash, with potato, canned",22908,Energy,164,kcal
5d3b04256237a3c6056d3071,meats,"Beef, corned beef hash, with potato, canned",22908,Protein,8.73,g
5d3b04256237a3c6056d3072,meats,"Beef, corned beef hash, with potato, canned",22908,Total lipid (fat),10.24,g
5d3b04256237a3c6056d3073,meats,"Beef, corned beef hash, with potato, canned",22908,"Carbohydrate, by difference",9.27,g
5d3b04256237a3c6056d3074,meats,"Beef, corned beef hash, with potato, canned",22908,"Fiber, total dietary",1.1,g
5d3b04256237a3c6056d3075,meats,"Beef, corned beef hash, with potato, canned",22908,"Sugars, total",0.34,g
5d3b04256237a3c6056d3076,meats,"Sandwich spread, pork, beef",07073,Water,60.28,g
5d3b04256237a3c6056d3077,meats,"Sandwich spread, pork, beef",07073,Energy,235,kcal
5d3b04256237a3c6056d3078,meats,"Sandwich spread, pork, beef",07073,Protein,7.66,g
5d3b04256237a3c6056d3079,meats,"Sandwich spread, pork, beef",07073,Total lipid (fat),17.34,g
5d3b04256237a3c6056d307a,meats,"Sandwich spread, pork, beef",07073,"Carbohydrate, by difference",11.94,g
5d3b04256237a3c6056d307b,meats,"Sandwich spread, pork, beef",07073,"Fiber, total dietary",0.2,g
5d3b04256237a3c6056d307c,meats,"Sandwich spread, pork, beef",07073,"Sugars, total",0.00,g
5d3b04256237a3c6056d307d,meats,"Snacks, beef jerky, chopped and formed",19002,Water,23.36,g
5d3b04256237a3c6056d307e,meats,"Snacks, beef jerky, chopped and formed",19002,Energy,410,kcal
5d3b04256237a3c6056d307f,meats,"Snacks, beef jerky, chopped and formed",19002,Protein,33.20,g
5d3b04256237a3c6056d3080,meats,"Snacks, beef jerky, chopped and formed",19002,Total lipid (fat),25.60,g
5d3b04256237a3c6056d3081,meats,"Snacks, beef jerky, chopped and formed",19002,"Carbohydrate, by difference",11.00,g
5d3b04256237a3c6056d3082,meats,"Snacks, beef jerky, chopped and formed",19002,"Fiber, total dietary",1.8,g
5d3b04256237a3c6056d3083,meats,"Snacks, beef jerky, chopped and formed",19002,"Sugars, total",9.00,g
5d3b04256237a3c6056d3084,meats,"Bologna, beef",07007,Water,55.31,g
5d3b04256237a3c6056d3085,meats,"Bologna, beef",07007,Energy,299,kcal
5d3b04256237a3c6056d3086,meats,"Bologna, beef",07007,Protein,10.91,g
5d3b04256237a3c6056d3087,meats,"Bologna, beef",07007,Total lipid (fat),26.13,g
5d3b04256237a3c6056d3088,meats,"Bologna, beef",07007,"Carbohydrate, by difference",4.29,g
5d3b04256237a3c6056d3089,meats,"Bologna, beef",07007,"Fiber, total dietary",0.0,g
5d3b04256237a3c6056d308a,meats,"Bologna, beef",07007,"Sugars, total",2.05,g
5d3b04256237a3c6056d308b,meats,"Beef, chuck for stew, separable lean and fat, all grades, cooked, braised",23090,Water,60.08,g
5d3b04256237a3c6056d308c,meats,"Beef, chuck for stew, separable lean and fat, all grades, cooked, braised",23090,Energy,191,kcal
5d3b04256237a3c6056d308d,meats,"Beef, chuck for stew, separable lean and fat, all grades, cooked, braised",23090,Protein,32.41,g
5d3b04256237a3c6056d308e,meats,"Beef, chuck for stew, separable lean and fat, all grades, cooked, braised",23090,Total lipid (fat),6.82,g
5d3b04256237a3c6056d308f,meats,"Beef, chuck for stew, separable lean and fat, all grades, cooked, braised",23090,"Carbohydrate, by difference",0.00,g
5d3b04256237a3c6056d3090,meats,"Beef, chuck for stew, separable lean and fat, all grades, cooked, braised",23090,"Fiber, total dietary",0.0,g
5d3b04256237a3c6056d3091,meats,"Beef, chuck for stew, separable lean and fat, all grades, cooked, braised",23090,"Sugars, total",0.00,g
5d3b04256237a3c6056d3092,meats,"Beef, variety meats and by-products, mechanically separated beef, raw",13330,Water,59.39,g
5d3b04256237a3c6056d3093,meats,"Beef, variety meats and by-products, mechanically separated beef, raw",13330,Energy,276,kcal
5d3b04256237a3c6056d3094,meats,"Beef, variety meats and by-products, mechanically separated beef, raw",13330,Protein,14.97,g
5d3b04256237a3c6056d3095,meats,"Beef, variety meats and by-products, mechanically separated beef, raw",13330,Total lipid (fat),23.52,g
5d3b04256237a3c6056d3096,meats,"Beef, variety meats and by-products, mechanically separated beef, raw",13330,"Carbohydrate, by difference",0.00,g
5d3b04256237a3c6056d3097,meats,"Beef, variety meats and by-products, mechanically separated beef, raw",13330,"Fiber, total dietary",0.0,g
5d3b04256237a3c6056d3098,meats,"Beef, variety meats and by-products, mechanically separated beef, raw",13330,"Calcium, Ca",485,mg
5d3b04256237a3c6056d3099,meats,"Beef, ground, patties, frozen, cooked, broiled",13317,Water,53.91,g
5d3b04256237a3c6056d309a,meats,"Beef, ground, patties, frozen, cooked, broiled",13317,Energy,295,kcal
5d3b04256237a3c6056d309b,meats,"Beef, ground, patties, frozen, cooked, broiled",13317,Protein,23.05,g
5d3b04256237a3c6056d309c,meats,"Beef, ground, patties, frozen, cooked, broiled",13317,Total lipid (fat),21.83,g
5d3b04256237a3c6056d309d,meats,"Beef, ground, patties, frozen, cooked, broiled",13317,"Carbohydrate, by difference",0.00,g
5d3b04256237a3c6056d309e,meats,"Beef, ground, patties, frozen, cooked, broiled",13317,"Fiber, total dietary",0.0,g
5d3b04256237a3c6056d309f,meats,"Beef, ground, patties, frozen, cooked, broiled",13317,"Sugars, total",0.00,g
5d3b04256237a3c6056d30a0,meats,"Salami, cooked, beef",07068,Water,60.00,g
5d3b04256237a3c6056d30a1,meats,"Salami, cooked, beef",07068,Energy,261,kcal
5d3b04256237a3c6056d30a2,meats,"Salami, cooked, beef",07068,Protein,12.60,g
5d3b04256237a3c6056d30a3,meats,"Salami, cooked, beef",07068,Total lipid (fat),22.20,g
5d3b04256237a3c6056d30a4,meats,"Salami, cooked, beef",07068,"Carbohydrate, by difference",1.90,g
5d3b04256237a3c6056d30a5,meats,"Salami, cooked, beef",07068,"Fiber, total dietary",0.0,g
5d3b04256237a3c6056d30a6,meats,"Salami, cooked, beef",07068,"Sugars, total",1.50,g
5d3b04256237a3c6056d30a7,meats,Bacon and beef sticks,07921,Water,21.60,g
5d3b04256237a3c6056d30a8,meats,Bacon and beef sticks,07921,Energy,517,kcal
5d3b04256237a3c6056d30a9,meats,Bacon and beef sticks,07921,Protein,29.10,g
5d3b04256237a3c6056d30aa,meats,Bacon and beef sticks,07921,Total lipid (fat),44.20,g
5d3b04256237a3c6056d30ab,meats,Bacon and beef sticks,07921,"Carbohydrate, by difference",0.80,g
5d3b04256237a3c6056d30ac,meats,Bacon and beef sticks,07921,"Fiber, total dietary",0.0,g
5d3b04256237a3c6056d30ad,meats,Bacon and beef sticks,07921,"Sugars, total",0.80,g
5d3b04256237a3c6056d30ae,meats,"Beef, tenderloin, separable lean and fat, trimmed to 1/8"" fat, prime, raw",13926,Water,59.52,g
5d3b04256237a3c6056d30af,meats,"Beef, tenderloin, separable lean and fat, trimmed to 1/8"" fat, prime, raw",13926,Energy,274,kcal
5d3b04256237a3c6056d30b0,meats,"Beef, tenderloin, separable lean and fat, trimmed to 1/8"" fat, prime, raw",13926,Protein,18.15,g
5d3b04256237a3c6056d30b1,meats,"Beef, tenderloin, separable lean and fat, trimmed to 1/8"" fat, prime, raw",13926,Total lipid (fat),21.83,g
5d3b04256237a3c6056d30b2,meats,"Beef, tenderloin, separable lean and fat, trimmed to 1/8"" fat, prime, raw",13926,"Carbohydrate, by difference",0.00,g
5d3b04256237a3c6056d30b3,meats,"Beef, tenderloin, separable lean and fat, trimmed to 1/8"" fat, prime, raw",13926,"Fiber, total dietary",0.0,g
5d3b04256237a3c6056d30b4,meats,"Beef, tenderloin, separable lean and fat, trimmed to 1/8"" fat, prime, raw",13926,"Sugars, total",0.00,g
5d3b04256237a3c6056d30b5,meats,"Beef, chuck eye Country-Style ribs, boneless, separable lean and fat, trimmed to 0"" fat, select, cooked, braised",23136,Water,52.74,g
5d3b04256237a3c6056d30b6,meats,"Beef, chuck eye Country-Style ribs, boneless, separable lean and fat, trimmed to 0"" fat, select, cooked, braised",23136,Energy,285,kcal
5d3b04256237a3c6056d30b7,meats,"Beef, chuck eye Country-Style ribs, boneless, separable lean and fat, trimmed to 0"" fat, select, cooked, braised",23136,Protein,28.47,g
5d3b04256237a3c6056d30b8,meats,"Beef, chuck eye Country-Style ribs, boneless, separable lean and fat, trimmed to 0"" fat, select, cooked, braised",23136,Total lipid (fat),19.03,g
5d3b04256237a3c6056d30b9,meats,"Beef, chuck eye Country-Style ribs, boneless, separable lean and fat, trimmed to 0"" fat, select, cooked, braised",23136,"Carbohydrate, by difference",0.00,g
5d3b04256237a3c6056d30ba,meats,"Beef, chuck eye Country-Style ribs, boneless, separable lean and fat, trimmed to 0"" fat, select, cooked, braised",23136,"Fiber, total dietary",0.0,g
5d3b04256237a3c6056d30bb,meats,"Beef, chuck eye Country-Style ribs, boneless, separable lean and fat, trimmed to 0"" fat, select, cooked, braised",23136,"Sugars, total",0.00,g
5d3b04256237a3c6056d30bc,meats,"Beef, rib, shortribs, separable lean and fat, choice, cooked, braised",13148,Water,35.72,g
5d3b04256237a3c6056d30bd,meats,"Beef, rib, shortribs, separable lean and fat, choice, cooked, braised",13148,Energy,471,kcal
5d3b04256237a3c6056d30be,meats,"Beef, rib, shortribs, separable lean and fat, choice, cooked, braised",13148,Protein,21.57,g
5d3b04256237a3c6056d30bf,meats,"Beef, rib, shortribs, separable lean and fat, choice, cooked, braised",13148,Total lipid (fat),41.98,g
5d3b04256237a3c6056d30c0,meats,"Beef, rib, shortribs, separable lean and fat, choice, cooked, braised",13148,"Carbohydrate, by difference",0.00,g
5d3b04256237a3c6056d30c1,meats,"Beef, rib, shortribs, separable lean and fat, choice, cooked, braised",13148,"Fiber, total dietary",0.0,g
5d3b04256237a3c6056d30c2,meats,"Beef, rib, shortribs, separable lean and fat, choice, cooked, braised",13148,"Sugars, total",0.00,g
5d3b04256237a3c6056d30c3,meats,Ham and cheese spread,07033,Water,59.13,g
5d3b04256237a3c6056d30c4,meats,Ham and cheese spread,07033,Energy,245,kcal
5d3b04256237a3c6056d30c5,meats,Ham and cheese spread,07033,Protein,16.18,g
5d3b04256237a3c6056d30c6,meats,Ham and cheese spread,07033,Total lipid (fat),18.53,g
5d3b04256237a3c6056d30c7,meats,Ham and cheese spread,07033,"Carbohydrate, by difference",2.28,g
5d3b04256237a3c6056d30c8,meats,Ham and cheese spread,07033,"Fiber, total dietary",0.0,g
5d3b04256237a3c6056d30c9,meats,Ham and cheese spread,07033,"Calcium, Ca",217,mg
5d3b04256237a3c6056d30ca,meats,"Pork, cured, ham, whole, separable lean only, roasted",10153,Water,65.78,g
5d3b04256237a3c6056d30cb,meats,"Pork, cured, ham, whole, separable lean only, roasted",10153,Energy,157,kcal
5d3b04256237a3c6056d30cc,meats,"Pork, cured, ham, whole, separable lean only, roasted",10153,Protein,25.05,g
5d3b04256237a3c6056d30cd,meats,"Pork, cured, ham, whole, separable lean only, roasted",10153,Total lipid (fat),5.50,g
5d3b04256237a3c6056d30ce,meats,"Pork, cured, ham, whole, separable lean only, roasted",10153,"Carbohydrate, by difference",0.00,g
5d3b04256237a3c6056d30cf,meats,"Pork, cured, ham, whole, separable lean only, roasted",10153,"Fiber, total dietary",0.0,g
5d3b04256237a3c6056d30d0,meats,"Pork, cured, ham, whole, separable lean only, roasted",10153,"Sugars, total",0.00,g
5d3b04256237a3c6056d30d1,meats,"Pork, cured, ham and water product, slice, boneless, separable lean only, heated, pan-broil",10870,Water,71.20,g
5d3b04256237a3c6056d30d2,meats,"Pork, cured, ham and water product, slice, boneless, separable lean only, heated, pan-broil",10870,Energy,123,kcal
5d3b04256237a3c6056d30d3,meats,"Pork, cured, ham and water product, slice, boneless, separable lean only, heated, pan-broil",10870,Protein,15.09,g
5d3b04256237a3c6056d30d4,meats,"Pork, cured, ham and water product, slice, boneless, separable lean only, heated, pan-broil",10870,Total lipid (fat),5.06,g
5d3b04256237a3c6056d30d5,meats,"Pork, cured, ham and water product, slice, boneless, separable lean only, heated, pan-broil",10870,"Carbohydrate, by difference",4.69,g
5d3b04256237a3c6056d30d6,meats,"Pork, cured, ham and water product, slice, boneless, separable lean only, heated, pan-broil",10870,"Fiber, total dietary",0.0,g
5d3b04256237a3c6056d30d7,meats,"Pork, cured, ham and water product, slice, boneless, separable lean only, heated, pan-broil",10870,"Sugars, total",4.69,g
5d3b04256237a3c6056d30d8,meats,"Fish, salmon, sockeye, raw",15085,Water,72.54,g
5d3b04256237a3c6056d30d9,meats,"Fish, salmon, sockeye, raw",15085,Energy,131,kcal
5d3b04256237a3c6056d30da,meats,"Fish, salmon, sockeye, raw",15085,Protein,22.25,g
5d3b04256237a3c6056d30db,meats,"Fish, salmon, sockeye, raw",15085,Total lipid (fat),4.69,g
5d3b04256237a3c6056d30dc,meats,"Fish, salmon, sockeye, raw",15085,"Carbohydrate, by difference",0.00,g
5d3b04256237a3c6056d30dd,meats,"Fish, salmon, sockeye, raw",15085,"Fiber, total dietary",0.0,g
5d3b04256237a3c6056d30de,meats,"Fish, salmon, sockeye, raw",15085,"Sugars, total",0.00,g
5d3b04256237a3c6056d30df,meats,"Fish, salmon, pink, canned, total can contents",15084,Water,74.04,g
5d3b04256237a3c6056d30e0,meats,"Fish, salmon, pink, canned, total can contents",15084,Energy,129,kcal
5d3b04256237a3c6056d30e1,meats,"Fish, salmon, pink, canned, total can contents",15084,Protein,19.68,g
5d3b04256237a3c6056d30e2,meats,"Fish, salmon, pink, canned, total can contents",15084,Total lipid (fat),4.97,g
5d3b04256237a3c6056d30e3,meats,"Fish, salmon, pink, canned, total can contents",15084,"Carbohydrate, by difference",0.00,g
5d3b04256237a3c6056d30e4,meats,"Fish, salmon, pink, canned, total can contents",15084,"Fiber, total dietary",0.0,g
5d3b04256237a3c6056d30e5,meats,"Fish, salmon, pink, canned, total can contents",15084,"Sugars, total",0.00,g
5d3b04256237a3c6056d30e6,meats,"Fish, pollock, Alaska, raw",15266,Water,81.99,g
5d3b04256237a3c6056d30e7,meats,"Fish, pollock, Alaska, raw",15266,Energy,76,kcal
5d3b04256237a3c6056d30e8,meats,"Fish, pollock, Alaska, raw",15266,Protein,17.17,g
5d3b04256237a3c6056d30e9,meats,"Fish, pollock, Alaska, raw",15266,Total lipid (fat),0.82,g
5d3b04256237a3c6056d30ea,meats,"Fish, pollock, Alaska, raw",15266,"Carbohydrate, by difference",0.00,g
5d3b04256237a3c6056d30eb,meats,"Fish, pollock, Alaska, raw",15266,"Calcium, Ca",12,mg
5d3b04256237a3c6056d30ec,meats,"Fish, pollock, Alaska, raw",15266,"Iron, Fe",0.27,mg
5d3b04256237a3c6056d30ed,meats,"Fish, tuna salad",15128,Water,63.16,g
5d3b04256237a3c6056d30ee,meats,"Fish, tuna salad",15128,Energy,187,kcal
5d3b04256237a3c6056d30ef,meats,"Fish, tuna salad",15128,Protein,16.04,g
5d3b04256237a3c6056d30f0,meats,"Fish, tuna salad",15128,Total lipid (fat),9.26,g
5d3b04256237a3c6056d30f1,meats,"Fish, tuna salad",15128,"Carbohydrate, by difference",9.41,g
5d3b04256237a3c6056d30f2,meats,"Fish, tuna salad",15128,"Fiber, total dietary",0.0,g
5d3b04256237a3c6056d30f3,meats,"Fish, tuna salad",15128,"Calcium, Ca",17,mg
5d3b04256237a3c6056d30f4,meats,"Fish, salmon, red, canned, bones removed (Alaska Native)",35157,Water,65.82,g
5d3b04256237a3c6056d30f5,meats,"Fish, salmon, red, canned, bones removed (Alaska Native)",35157,Energy,161,kcal
5d3b04256237a3c6056d30f6,meats,"Fish, salmon, red, canned, bones removed (Alaska Native)",35157,Protein,27.31,g
5d3b04256237a3c6056d30f7,meats,"Fish, salmon, red, canned, bones removed (Alaska Native)",35157,Total lipid (fat),5.76,g
5d3b04256237a3c6056d30f8,meats,"Fish, salmon, red, canned, bones removed (Alaska Native)",35157,"Carbohydrate, by difference",0.00,g
5d3b04256237a3c6056d30f9,meats,"Fish, salmon, red, canned, bones removed (Alaska Native)",35157,"Fiber, total dietary",0.0,g
5d3b04256237a3c6056d30fa,meats,"Fish, salmon, red, canned, bones removed (Alaska Native)",35157,"Sugars, total",0.00,g
5d3b04256237a3c6056d30fb,meats,"Fish, bluefish, raw",15005,Water,70.86,g
5d3b04256237a3c6056d30fc,meats,"Fish, bluefish, raw",15005,Energy,124,kcal
5d3b04256237a3c6056d30fd,meats,"Fish, bluefish, raw",15005,Protein,20.04,g
5d3b04256237a3c6056d30fe,meats,"Fish, bluefish, raw",15005,Total lipid (fat),4.24,g
5d3b04256237a3c6056d30ff,meats,"Fish, bluefish, raw",15005,"Carbohydrate, by difference",0.00,g
5d3b04256237a3c6056d3100,meats,"Fish, bluefish, raw",15005,"Fiber, total dietary",0.0,g
5d3b04256237a3c6056d3101,meats,"Fish, bluefish, raw",15005,"Calcium, Ca",7,mg
5d3b04256237a3c6056d3102,meats,"Fish, carp, cooked, dry heat",15009,Water,69.63,g
5d3b04256237a3c6056d3103,meats,"Fish, carp, cooked, dry heat",15009,Energy,162,kcal
5d3b04256237a3c6056d3104,meats,"Fish, carp, cooked, dry heat",15009,Protein,22.86,g
5d3b04256237a3c6056d3105,meats,"Fish, carp, cooked, dry heat",15009,Total lipid (fat),7.17,g
5d3b04256237a3c6056d3106,meats,"Fish, carp, cooked, dry heat",15009,"Carbohydrate, by difference",0.00,g
5d3b04256237a3c6056d3107,meats,"Fish, carp, cooked, dry heat",15009,"Fiber, total dietary",0.0,g
5d3b04256237a3c6056d3108,meats,"Fish, carp, cooked, dry heat",15009,"Calcium, Ca",52,mg
5d3b04256237a3c6056d3109,meats,"Fish, cod, Atlantic, canned, solids and liquid",15017,Water,75.61,g
5d3b04256237a3c6056d310a,meats,"Fish, cod, Atlantic, canned, solids and liquid",15017,Energy,105,kcal
5d3b04256237a3c6056d310b,meats,"Fish, cod, Atlantic, canned, solids and liquid",15017,Protein,22.76,g
5d3b04256237a3c6056d310c,meats,"Fish, cod, Atlantic, canned, solids and liquid",15017,Total lipid (fat),0.86,g
5d3b04256237a3c6056d310d,meats,"Fish, cod, Atlantic, canned, solids and liquid",15017,"Carbohydrate, by difference",0.00,g
5d3b04256237a3c6056d310e,meats,"Fish, cod, Atlantic, canned, solids and liquid",15017,"Fiber, total dietary",0.0,g
5d3b04256237a3c6056d310f,meats,"Fish, cod, Atlantic, canned, solids and liquid",15017,"Sugars, total",0.00,g
5d3b04256237a3c6056d3110,meats,"Fish, herring, Atlantic, cooked, dry heat",15040,Water,64.16,g
5d3b04256237a3c6056d3111,meats,"Fish, herring, Atlantic, cooked, dry heat",15040,Energy,203,kcal
5d3b04256237a3c6056d3112,meats,"Fish, herring, Atlantic, cooked, dry heat",15040,Protein,23.03,g
5d3b04256237a3c6056d3113,meats,"Fish, herring, Atlantic, cooked, dry heat",15040,Total lipid (fat),11.59,g
5d3b04256237a3c6056d3114,meats,"Fish, herring, Atlantic, cooked, dry heat",15040,"Carbohydrate, by difference",0.00,g
5d3b04256237a3c6056d3115,meats,"Fish, herring, Atlantic, cooked, dry heat",15040,"Fiber, total dietary",0.0,g
5d3b04256237a3c6056d3116,meats,"Fish, herring, Atlantic, cooked, dry heat",15040,"Sugars, total",0.00,g
5d3b04256237a3c6056d3117,fruit,"Apples, raw, with skin (Includes foods for USDA's Food Distribution Program)",09003,Water,85.56,g
5d3b04256237a3c6056d3118,fruit,"Apples, raw, with skin (Includes foods for USDA's Food Distribution Program)",09003,Energy,52,kcal
5d3b04256237a3c6056d3119,fruit,"Apples, raw, with skin (Includes foods for USDA's Food Distribution Program)",09003,Protein,0.26,g
5d3b04256237a3c6056d311a,fruit,"Apples, raw, with skin (Includes foods for USDA's Food Distribution Program)",09003,Total lipid (fat),0.17,g
5d3b04256237a3c6056d311b,fruit,"Apples, raw, with skin (Includes foods for USDA's Food Distribution Program)",09003,"Carbohydrate, by difference",13.81,g
5d3b04256237a3c6056d311c,fruit,"Apples, raw, with skin (Includes foods for USDA's Food Distribution Program)",09003,"Fiber, total dietary",2.4,g
5d3b04256237a3c6056d311d,fruit,"Apples, raw, with skin (Includes foods for USDA's Food Distribution Program)",09003,"Sugars, total",10.39,g
5d3b04256237a3c6056d311e,fruit,"Pears, raw",09252,Water,83.96,g
5d3b04256237a3c6056d311f,fruit,"Pears, raw",09252,Energy,57,kcal
5d3b04256237a3c6056d3120,fruit,"Pears, raw",09252,Protein,0.36,g
5d3b04256237a3c6056d3121,fruit,"Pears, raw",09252,Total lipid (fat),0.14,g
5d3b04256237a3c6056d3122,fruit,"Pears, raw",09252,"Carbohydrate, by difference",15.23,g
5d3b04256237a3c6056d3123,fruit,"Pears, raw",09252,"Fiber, total dietary",3.1,g
5d3b04256237a3c6056d3124,fruit,"Pears, raw",09252,"Sugars, total",9.75,g
5d3b04256237a3c6056d3125,fruit,"Peaches, yellow, raw",09236,Water,88.87,g
5d3b04256237a3c6056d3126,fruit,"Peaches, yellow, raw",09236,Energy,39,kcal
5d3b04256237a3c6056d3127,fruit,"Peaches, yellow, raw",09236,Protein,0.91,g
5d3b04256237a3c6056d3128,fruit,"Peaches, yellow, raw",09236,Total lipid (fat),0.25,g
5d3b04256237a3c6056d3129,fruit,"Peaches, yellow, raw",09236,"Carbohydrate, by difference",9.54,g
5d3b04256237a3c6056d312a,fruit,"Peaches, yellow, raw",09236,"Fiber, total dietary",1.5,g
5d3b04256237a3c6056d312b,fruit,"Peaches, yellow, raw",09236,"Sugars, total",8.39,g
5d3b04256237a3c6056d312c,fruit,"Papayas, raw",09226,Water,88.06,g
5d3b04256237a3c6056d312d,fruit,"Papayas, raw",09226,Energy,43,kcal
5d3b04256237a3c6056d312e,fruit,"Papayas, raw",09226,Protein,0.47,g
5d3b04256237a3c6056d312f,fruit,"Papayas, raw",09226,Total lipid (fat),0.26,g
5d3b04256237a3c6056d3130,fruit,"Papayas, raw",09226,"Carbohydrate, by difference",10.82,g
5d3b04256237a3c6056d3131,fruit,"Papayas, raw",09226,"Fiber, total dietary",1.7,g
5d3b04256237a3c6056d3132,fruit,"Papayas, raw",09226,"Sugars, total",7.82,g
5d3b04256237a3c6056d3133,fruit,"Blueberries, raw",09050,Water,84.21,g
5d3b04256237a3c6056d3134,fruit,"Blueberries, raw",09050,Energy,57,kcal
5d3b04256237a3c6056d3135,fruit,"Blueberries, raw",09050,Protein,0.74,g
5d3b04256237a3c6056d3136,fruit,"Blueberries, raw",09050,Total lipid (fat),0.33,g
5d3b04256237a3c6056d3137,fruit,"Blueberries, raw",09050,"Carbohydrate, by difference",14.49,g
5d3b04256237a3c6056d3138,fruit,"Blueberries, raw",09050,"Fiber, total dietary",2.4,g
5d3b04256237a3c6056d3139,fruit,"Blueberries, raw",09050,"Sugars, total",9.96,g
5d3b04256237a3c6056d313a,fruit,"Strawberries, raw",09316,Water,90.95,g
5d3b04256237a3c6056d313b,fruit,"Strawberries, raw",09316,Energy,32,kcal
5d3b04256237a3c6056d313c,fruit,"Strawberries, raw",09316,Protein,0.67,g
5d3b04256237a3c6056d313d,fruit,"Strawberries, raw",09316,Total lipid (fat),0.30,g
5d3b04256237a3c6056d313e,fruit,"Strawberries, raw",09316,"Carbohydrate, by difference",7.68,g
5d3b04256237a3c6056d313f,fruit,"Strawberries, raw",09316,"Fiber, total dietary",2.0,g
5d3b04256237a3c6056d3140,fruit,"Strawberries, raw",09316,"Sugars, total",4.89,g
5d3b04256237a3c6056d3141,fruit,"Bananas, raw",09040,Water,74.91,g
5d3b04256237a3c6056d3142,fruit,"Bananas, raw",09040,Energy,89,kcal
5d3b04256237a3c6056d3143,fruit,"Bananas, raw",09040,Protein,1.09,g
5d3b04256237a3c6056d3144,fruit,"Bananas, raw",09040,Total lipid (fat),0.33,g
5d3b04256237a3c6056d3145,fruit,"Bananas, raw",09040,"Carbohydrate, by difference",22.84,g
5d3b04256237a3c6056d3146,fruit,"Bananas, raw",09040,"Fiber, total dietary",2.6,g
5d3b04256237a3c6056d3147,fruit,"Bananas, raw",09040,"Sugars, total",12.23,g
5d3b04256237a3c6056d3148,fruit,"Kiwifruit, green, raw",09148,Water,83.07,g
5d3b04256237a3c6056d3149,fruit,"Kiwifruit, green, raw",09148,Energy,61,kcal
5d3b04256237a3c6056d314a,fruit,"Kiwifruit, green, raw",09148,Protein,1.14,g
5d3b04256237a3c6056d314b,fruit,"Kiwifruit, green, raw",09148,Total lipid (fat),0.52,g
5d3b04256237a3c6056d314c,fruit,"Kiwifruit, green, raw",09148,"Carbohydrate, by difference",14.66,g
5d3b04256237a3c6056d314d,fruit,"Kiwifruit, green, raw",09148,"Fiber, total dietary",3.0,g
5d3b04256237a3c6056d314e,fruit,"Kiwifruit, green, raw",09148,"Sugars, total",8.99,g
5d3b04256237a3c6056d314f,fruit,"Oranges, raw, all commercial varieties",09200,Water,86.75,g
5d3b04256237a3c6056d3150,fruit,"Oranges, raw, all commercial varieties",09200,Energy,47,kcal
5d3b04256237a3c6056d3151,fruit,"Oranges, raw, all commercial varieties",09200,Protein,0.94,g
5d3b04256237a3c6056d3152,fruit,"Oranges, raw, all commercial varieties",09200,Total lipid (fat),0.12,g
5d3b04256237a3c6056d3153,fruit,"Oranges, raw, all commercial varieties",09200,"Carbohydrate, by difference",11.75,g
5d3b04256237a3c6056d3154,fruit,"Oranges, raw, all commercial varieties",09200,"Fiber, total dietary",2.4,g
5d3b04256237a3c6056d3155,fruit,"Oranges, raw, all commercial varieties",09200,"Sugars, total",9.35,g
5d3b04256237a3c6056d3156,fruit,"Avocados, raw, all commercial varieties",09037,Water,73.23,g
5d3b04256237a3c6056d3157,fruit,"Avocados, raw, all commercial varieties",09037,Energy,160,kcal
5d3b04256237a3c6056d3158,fruit,"Avocados, raw, all commercial varieties",09037,Protein,2.00,g
5d3b04256237a3c6056d3159,fruit,"Avocados, raw, all commercial varieties",09037,Total lipid (fat),14.66,g
5d3b04256237a3c6056d315a,fruit,"Avocados, raw, all commercial varieties",09037,"Carbohydrate, by difference",8.53,g
5d3b04256237a3c6056d315b,fruit,"Avocados, raw, all commercial varieties",09037,"Fiber, total dietary",6.7,g
5d3b04256237a3c6056d315c,fruit,"Avocados, raw, all commercial varieties",09037,"Sugars, total",0.66,g
5d3b04256237a3c6056d315d,fruit,"Grapefruit, raw, pink and red and white, all areas",09111,Water,90.89,g
5d3b04256237a3c6056d315e,fruit,"Grapefruit, raw, pink and red and white, all areas",09111,Energy,32,kcal
5d3b04256237a3c6056d315f,fruit,"Grapefruit, raw, pink and red and white, all areas",09111,Protein,0.63,g
5d3b04256237a3c6056d3160,fruit,"Grapefruit, raw, pink and red and white, all areas",09111,Total lipid (fat),0.10,g
5d3b04256237a3c6056d3161,fruit,"Grapefruit, raw, pink and red and white, all areas",09111,"Carbohydrate, by difference",8.08,g
5d3b04256237a3c6056d3162,fruit,"Grapefruit, raw, pink and red and white, all areas",09111,"Fiber, total dietary",1.1,g
5d3b04256237a3c6056d3163,fruit,"Grapefruit, raw, pink and red and white, all areas",09111,"Sugars, total",6.98,g
5d3b04256237a3c6056d3164,fruit,"Grapes, american type (slip skin), raw",09131,Water,81.30,g
5d3b04256237a3c6056d3165,fruit,"Grapes, american type (slip skin), raw",09131,Energy,67,kcal
5d3b04256237a3c6056d3166,fruit,"Grapes, american type (slip skin), raw",09131,Protein,0.63,g
5d3b04256237a3c6056d3167,fruit,"Grapes, american type (slip skin), raw",09131,Total lipid (fat),0.35,g
5d3b04256237a3c6056d3168,fruit,"Grapes, american type (slip skin), raw",09131,"Carbohydrate, by difference",17.15,g
5d3b04256237a3c6056d3169,fruit,"Grapes, american type (slip skin), raw",09131,"Fiber, total dietary",0.9,g
5d3b04256237a3c6056d316a,fruit,"Grapes, american type (slip skin), raw",09131,"Sugars, total",16.25,g
5d3b04256237a3c6056d316b,fruit,"Cherries, sweet, raw",09070,Water,82.25,g
5d3b04256237a3c6056d316c,fruit,"Cherries, sweet, raw",09070,Energy,63,kcal
5d3b04256237a3c6056d316d,fruit,"Cherries, sweet, raw",09070,Protein,1.06,g
5d3b04256237a3c6056d316e,fruit,"Cherries, sweet, raw",09070,Total lipid (fat),0.20,g
5d3b04256237a3c6056d316f,fruit,"Cherries, sweet, raw",09070,"Carbohydrate, by difference",16.01,g
5d3b04256237a3c6056d3170,fruit,"Cherries, sweet, raw",09070,"Fiber, total dietary",2.1,g
5d3b04256237a3c6056d3171,fruit,"Cherries, sweet, raw",09070,"Sugars, total",12.82,g
5d3b04256237a3c6056d3172,fruit,"Lemons, raw, without peel",09150,Water,88.98,g
5d3b04256237a3c6056d3173,fruit,"Lemons, raw, without peel",09150,Energy,29,kcal
5d3b04256237a3c6056d3174,fruit,"Lemons, raw, without peel",09150,Protein,1.10,g
5d3b04256237a3c6056d3175,fruit,"Lemons, raw, without peel",09150,Total lipid (fat),0.30,g
5d3b04256237a3c6056d3176,fruit,"Lemons, raw, without peel",09150,"Carbohydrate, by difference",9.32,g
5d3b04256237a3c6056d3177,fruit,"Lemons, raw, without peel",09150,"Fiber, total dietary",2.8,g
5d3b04256237a3c6056d3178,fruit,"Lemons, raw, without peel",09150,"Sugars, total",2.50,g
5d3b04256237a3c6056d3179,fruit,"Mangos, raw",09176,Water,83.46,g
5d3b04256237a3c6056d317a,fruit,"Mangos, raw",09176,Energy,60,kcal
5d3b04256237a3c6056d317b,fruit,"Mangos, raw",09176,Protein,0.82,g
5d3b04256237a3c6056d317c,fruit,"Mangos, raw",09176,Total lipid (fat),0.38,g
5d3b04256237a3c6056d317d,fruit,"Mangos, raw",09176,"Carbohydrate, by difference",14.98,g
5d3b04256237a3c6056d317e,fruit,"Mangos, raw",09176,"Fiber, total dietary",1.6,g
5d3b04256237a3c6056d317f,fruit,"Mangos, raw",09176,"Sugars, total",13.66,g
5d3b04256237a3c6056d3180,fruit,"Limes, raw",09159,Water,88.26,g
5d3b04256237a3c6056d3181,fruit,"Limes, raw",09159,Energy,30,kcal
5d3b04256237a3c6056d3182,fruit,"Limes, raw",09159,Protein,0.70,g
5d3b04256237a3c6056d3183,fruit,"Limes, raw",09159,Total lipid (fat),0.20,g
5d3b04256237a3c6056d3184,fruit,"Limes, raw",09159,"Carbohydrate, by difference",10.54,g
5d3b04256237a3c6056d3185,fruit,"Limes, raw",09159,"Fiber, total dietary",2.8,g
5d3b04256237a3c6056d3186,fruit,"Limes, raw",09159,"Sugars, total",1.69,g
5d3b04256237a3c6056d3187,fruit,"Plums, raw",09279,Water,87.23,g
5d3b04256237a3c6056d3188,fruit,"Plums, raw",09279,Energy,46,kcal
5d3b04256237a3c6056d3189,fruit,"Plums, raw",09279,Protein,0.70,g
5d3b04256237a3c6056d318a,fruit,"Plums, raw",09279,Total lipid (fat),0.28,g
5d3b04256237a3c6056d318b,fruit,"Plums, raw",09279,"Carbohydrate, by difference",11.42,g
5d3b04256237a3c6056d318c,fruit,"Plums, raw",09279,"Fiber, total dietary",1.4,g
5d3b04256237a3c6056d318d,fruit,"Plums, raw",09279,"Sugars, total",9.92,g
5d3b04256237a3c6056d318e,fruit,"Watermelon, raw",09326,Water,91.45,g
5d3b04256237a3c6056d318f,fruit,"Watermelon, raw",09326,Energy,30,kcal
5d3b04256237a3c6056d3190,fruit,"Watermelon, raw",09326,Protein,0.61,g
5d3b04256237a3c6056d3191,fruit,"Watermelon, raw",09326,Total lipid (fat),0.15,g
5d3b04256237a3c6056d3192,fruit,"Watermelon, raw",09326,"Carbohydrate, by difference",7.55,g
5d3b04256237a3c6056d3193,fruit,"Watermelon, raw",09326,"Fiber, total dietary",0.4,g
5d3b04256237a3c6056d3194,fruit,"Watermelon, raw",09326,"Sugars, total",6.20,g
5d3b04256237a3c6056d3195,fruit,"Raspberries, raw",09302,Water,85.75,g
5d3b04256237a3c6056d3196,fruit,"Raspberries, raw",09302,Energy,52,kcal
5d3b04256237a3c6056d3197,fruit,"Raspberries, raw",09302,Protein,1.20,g
5d3b04256237a3c6056d3198,fruit,"Raspberries, raw",09302,Total lipid (fat),0.65,g
5d3b04256237a3c6056d3199,fruit,"Raspberries, raw",09302,"Carbohydrate, by difference",11.94,g
5d3b04256237a3c6056d319a,fruit,"Raspberries, raw",09302,"Fiber, total dietary",6.5,g
5d3b04256237a3c6056d319b,fruit,"Raspberries, raw",09302,"Sugars, total",4.42,g
